retrieval_run_id,chunking_config_id,question_id,question,category,ground_truth_range_count,ground_truth_video_ids_json,corpus_chunk_count,first_relevant_rank,reciprocal_rank,chunks_to_full_coverage,recall_at_1,evidence_ranges_covered_at_1,evidence_range_recall_at_1,full_evidence_coverage_at_1,recall_at_3,evidence_ranges_covered_at_3,evidence_range_recall_at_3,full_evidence_coverage_at_3,recall_at_5,evidence_ranges_covered_at_5,evidence_range_recall_at_5,full_evidence_coverage_at_5,recall_at_10,evidence_ranges_covered_at_10,evidence_range_recall_at_10,full_evidence_coverage_at_10,top_10_chunk_ids_json,top_10_scores_json,top_10_video_ids_json,top_10_start_seconds_json,top_10_end_seconds_json,top_10_relevant_flags_json,top_10_covered_range_indices_json,manual_judgment
mit60001_dense_304f7bc8ee6b2b73,fixed_wp240_o48_v1,mit60001-q-001,"According to the course introduction, what learning goals are introduced for students?",factual,4,"[""nykOeWgQcHM"",""6LOwPhPDwVc""]",548,1,1.0,14,1,1,0.25,0,1,3,0.75,0,1,3,0.75,0,1,3,0.75,0,"[""nykOeWgQcHM:fixed_wp240_o48_v1:4"",""nykOeWgQcHM:fixed_wp240_o48_v1:3"",""nykOeWgQcHM:fixed_wp240_o48_v1:2"",""nykOeWgQcHM:fixed_wp240_o48_v1:1"",""FlGjISF3l78:fixed_wp240_o48_v1:1"",""o9nW0uBqvEo:fixed_wp240_o48_v1:0"",""6LOwPhPDwVc:fixed_wp240_o48_v1:44"",""0jljZRnHwOI:fixed_wp240_o48_v1:0"",""nykOeWgQcHM:fixed_wp240_o48_v1:7"",""nykOeWgQcHM:fixed_wp240_o48_v1:8""]","[0.45593339,0.42235678,0.40396497,0.37322894,0.36881828,0.34383988,0.33272964,0.31739536,0.31700417,0.31189245]","[""nykOeWgQcHM"",""nykOeWgQcHM"",""nykOeWgQcHM"",""nykOeWgQcHM"",""FlGjISF3l78"",""o9nW0uBqvEo"",""6LOwPhPDwVc"",""0jljZRnHwOI"",""nykOeWgQcHM"",""nykOeWgQcHM""]","[258.73,194.436,134.11,73.03,83.06,0.79,2683.145,0.79,465.61,543.28]","[329.0,258.73,194.436,134.11,157.8,68.53,2745.654,82.0,543.28,617.74]","[true,true,true,true,false,false,false,false,false,false]","[[3],[2,3],[1],[1],[],[],[],[],[],[]]",
mit60001_dense_304f7bc8ee6b2b73,fixed_wp240_o48_v1,mit60001-q-002,What does the course say students should do to practice programming effectively?,factual,2,"[""nykOeWgQcHM""]",548,3,0.333333333,3,0,0,0.0,0,1,2,1.0,1,1,2,1.0,1,1,2,1.0,1,"[""nykOeWgQcHM:fixed_wp240_o48_v1:4"",""nykOeWgQcHM:fixed_wp240_o48_v1:3"",""nykOeWgQcHM:fixed_wp240_o48_v1:2"",""nykOeWgQcHM:fixed_wp240_o48_v1:5"",""nykOeWgQcHM:fixed_wp240_o48_v1:1"",""9H6muyZjms0:fixed_wp240_o48_v1:4"",""0jljZRnHwOI:fixed_wp240_o48_v1:0"",""Y6J8I056Ffw:fixed_wp240_o48_v1:0"",""nykOeWgQcHM:fixed_wp240_o48_v1:7"",""9H6muyZjms0:fixed_wp240_o48_v1:14""]","[0.58169127,0.54747641,0.54231697,0.50465077,0.46362263,0.41260725,0.40225953,0.39543781,0.3781451,0.37591141]","[""nykOeWgQcHM"",""nykOeWgQcHM"",""nykOeWgQcHM"",""nykOeWgQcHM"",""nykOeWgQcHM"",""9H6muyZjms0"",""0jljZRnHwOI"",""Y6J8I056Ffw"",""nykOeWgQcHM"",""9H6muyZjms0""]","[258.73,194.436,134.11,329.0,73.03,248.15,0.79,0.79,465.61,943.53]","[329.0,258.73,194.436,391.97,134.11,319.93,82.0,61.948,543.28,1012.27]","[false,false,true,false,true,false,false,false,false,false]","[[],[],[1,2],[],[1],[],[],[],[],[]]",
mit60001_dense_304f7bc8ee6b2b73,fixed_wp240_o48_v1,mit60001-q-003,How does Python use variable names in different scopes?,concept_explanation,1,"[""MjbuarJ7SE0""]",548,1,1.0,1,1,1,1.0,1,1,1,1.0,1,1,1,1.0,1,1,1,1.0,1,"[""MjbuarJ7SE0:fixed_wp240_o48_v1:26"",""MjbuarJ7SE0:fixed_wp240_o48_v1:16"",""MjbuarJ7SE0:fixed_wp240_o48_v1:13"",""MjbuarJ7SE0:fixed_wp240_o48_v1:29"",""MjbuarJ7SE0:fixed_wp240_o48_v1:27"",""MjbuarJ7SE0:fixed_wp240_o48_v1:22"",""MjbuarJ7SE0:fixed_wp240_o48_v1:23"",""0jljZRnHwOI:fixed_wp240_o48_v1:2"",""FlGjISF3l78:fixed_wp240_o48_v1:16"",""FlGjISF3l78:fixed_wp240_o48_v1:9""]","[0.7285189,0.65381396,0.64128381,0.63767177,0.63483679,0.60114789,0.58870131,0.57983303,0.57616335,0.57019645]","[""MjbuarJ7SE0"",""MjbuarJ7SE0"",""MjbuarJ7SE0"",""MjbuarJ7SE0"",""MjbuarJ7SE0"",""MjbuarJ7SE0"",""MjbuarJ7SE0"",""0jljZRnHwOI"",""FlGjISF3l78"",""FlGjISF3l78""]","[1812.21,1113.49,892.91,2030.96,1887.04,1529.73,1606.83,149.86,1169.29,671.34]","[1887.04,1185.34,976.88,2105.297,1955.58,1610.01,1675.64,212.92,1233.325,743.88]","[true,false,false,false,true,false,false,false,false,false]","[[1],[],[],[],[1],[],[],[],[],[]]",
mit60001_dense_304f7bc8ee6b2b73,fixed_wp240_o48_v1,mit60001-q-004,What is the difference between assignment (=) and equality (==) in Python?,concept_explanation,1,"[""0jljZRnHwOI""]",548,2,0.5,2,0,0,0.0,0,1,1,1.0,1,1,1,1.0,1,1,1,1.0,1,"[""0jljZRnHwOI:fixed_wp240_o48_v1:20"",""0jljZRnHwOI:fixed_wp240_o48_v1:11"",""RvRKT-jXvko:fixed_wp240_o48_v1:14"",""nykOeWgQcHM:fixed_wp240_o48_v1:30"",""nykOeWgQcHM:fixed_wp240_o48_v1:32"",""MjbuarJ7SE0:fixed_wp240_o48_v1:27"",""RvRKT-jXvko:fixed_wp240_o48_v1:30"",""0jljZRnHwOI:fixed_wp240_o48_v1:2"",""-DP1i2ZU9gk:fixed_wp240_o48_v1:26"",""RvRKT-jXvko:fixed_wp240_o48_v1:29""]","[0.60204029,0.60196114,0.59151459,0.57313669,0.55928195,0.51745129,0.51553893,0.51426256,0.50549501,0.5009706]","[""0jljZRnHwOI"",""0jljZRnHwOI"",""RvRKT-jXvko"",""nykOeWgQcHM"",""nykOeWgQcHM"",""MjbuarJ7SE0"",""RvRKT-jXvko"",""0jljZRnHwOI"",""-DP1i2ZU9gk"",""RvRKT-jXvko""]","[1476.11,836.83,1009.75,2209.18,2352.659,1887.04,2109.64,149.86,1946.11,2035.41]","[1555.78,899.97,1070.846,2279.39,2419.03,1955.58,2190.3,212.92,2015.18,2109.64]","[false,true,false,false,false,false,false,false,false,false]","[[],[1],[],[],[],[],[],[],[],[]]",
mit60001_dense_304f7bc8ee6b2b73,fixed_wp240_o48_v1,mit60001-q-005,"According to the course, why does a recursive function require a base case?",concept_explanation,1,"[""WPSeyjX1-4s""]",548,1,1.0,1,1,1,1.0,1,1,1,1.0,1,1,1,1.0,1,1,1,1.0,1,"[""WPSeyjX1-4s:fixed_wp240_o48_v1:4"",""WPSeyjX1-4s:fixed_wp240_o48_v1:24"",""WPSeyjX1-4s:fixed_wp240_o48_v1:3"",""WPSeyjX1-4s:fixed_wp240_o48_v1:8"",""WPSeyjX1-4s:fixed_wp240_o48_v1:19"",""WPSeyjX1-4s:fixed_wp240_o48_v1:13"",""WPSeyjX1-4s:fixed_wp240_o48_v1:15"",""6LOwPhPDwVc:fixed_wp240_o48_v1:47"",""WPSeyjX1-4s:fixed_wp240_o48_v1:1"",""WPSeyjX1-4s:fixed_wp240_o48_v1:27""]","[0.56863326,0.52299166,0.51191723,0.50908363,0.48141241,0.47478238,0.4637078,0.44696072,0.44343597,0.43759578]","[""WPSeyjX1-4s"",""WPSeyjX1-4s"",""WPSeyjX1-4s"",""WPSeyjX1-4s"",""WPSeyjX1-4s"",""WPSeyjX1-4s"",""WPSeyjX1-4s"",""6LOwPhPDwVc"",""WPSeyjX1-4s"",""WPSeyjX1-4s""]","[257.149,1431.85,199.35,504.18,1151.65,807.35,931.07,2860.23,80.41,1612.81]","[318.57,1485.34,257.149,570.72,1215.95,872.959,990.0,2903.75,141.09,1681.465]","[true,false,false,false,false,false,false,false,false,false]","[[1],[],[],[],[],[],[],[],[],[]]",
mit60001_dense_304f7bc8ee6b2b73,fixed_wp240_o48_v1,mit60001-q-006,"According to the lecture, how is the efficiency of an algorithm explained?",concept_explanation,1,"[""o9nW0uBqvEo""]",548,1,1.0,1,1,1,1.0,1,1,1,1.0,1,1,1,1.0,1,1,1,1.0,1,"[""o9nW0uBqvEo:fixed_wp240_o48_v1:8"",""7lQXYl_L28w:fixed_wp240_o48_v1:48"",""7lQXYl_L28w:fixed_wp240_o48_v1:2"",""7lQXYl_L28w:fixed_wp240_o48_v1:8"",""o9nW0uBqvEo:fixed_wp240_o48_v1:12"",""6LOwPhPDwVc:fixed_wp240_o48_v1:0"",""7lQXYl_L28w:fixed_wp240_o48_v1:1"",""o9nW0uBqvEo:fixed_wp240_o48_v1:7"",""o9nW0uBqvEo:fixed_wp240_o48_v1:9"",""7lQXYl_L28w:fixed_wp240_o48_v1:21""]","[0.57591367,0.56252396,0.55601871,0.5262143,0.51989216,0.51478326,0.51437771,0.51351523,0.51256657,0.51006424]","[""o9nW0uBqvEo"",""7lQXYl_L28w"",""7lQXYl_L28w"",""7lQXYl_L28w"",""o9nW0uBqvEo"",""6LOwPhPDwVc"",""7lQXYl_L28w"",""o9nW0uBqvEo"",""o9nW0uBqvEo"",""7lQXYl_L28w""]","[501.93,2772.39,128.58,475.86,753.63,0.79,71.62,442.39,565.16,1176.48]","[565.16,2837.01,193.44,530.14,820.91,80.55,130.71,501.93,631.02,1244.81]","[true,false,false,false,false,false,false,false,true,false]","[[1],[],[],[],[],[],[],[],[1],[]]",
mit60001_dense_304f7bc8ee6b2b73,fixed_wp240_o48_v1,mit60001-q-007,What value is bound to a name after an assignment statement is evaluated?,code_behavior,1,"[""nykOeWgQcHM""]",548,2,0.5,2,0,0,0.0,0,1,1,1.0,1,1,1,1.0,1,1,1,1.0,1,"[""MjbuarJ7SE0:fixed_wp240_o48_v1:27"",""nykOeWgQcHM:fixed_wp240_o48_v1:29"",""nykOeWgQcHM:fixed_wp240_o48_v1:33"",""FlGjISF3l78:fixed_wp240_o48_v1:25"",""0jljZRnHwOI:fixed_wp240_o48_v1:2"",""nykOeWgQcHM:fixed_wp240_o48_v1:31"",""nykOeWgQcHM:fixed_wp240_o48_v1:30"",""RvRKT-jXvko:fixed_wp240_o48_v1:14"",""nykOeWgQcHM:fixed_wp240_o48_v1:28"",""0jljZRnHwOI:fixed_wp240_o48_v1:8""]","[0.44943997,0.44238111,0.44115981,0.43723422,0.43039897,0.42433974,0.42356056,0.41544896,0.41436651,0.41430575]","[""MjbuarJ7SE0"",""nykOeWgQcHM"",""nykOeWgQcHM"",""FlGjISF3l78"",""0jljZRnHwOI"",""nykOeWgQcHM"",""nykOeWgQcHM"",""RvRKT-jXvko"",""nykOeWgQcHM"",""0jljZRnHwOI""]","[1887.04,2109.76,2419.03,1748.91,149.86,2279.39,2209.18,1009.75,2041.794,611.49]","[1955.58,2211.52,2498.07,1801.721,212.92,2352.659,2279.39,1070.846,2105.94,684.718]","[false,true,false,false,false,false,true,false,false,false]","[[],[1],[],[],[],[],[1],[],[],[]]",
mit60001_dense_304f7bc8ee6b2b73,fixed_wp240_o48_v1,mit60001-q-008,Why can rebinding a variable name leave the previous object unchanged?,code_behavior,2,"[""nykOeWgQcHM"",""SE4P7IVCunE""]",548,12,0.083333333,79,0,0,0.0,0,0,0,0.0,0,0,0,0.0,0,0,0,0.0,0,"[""FlGjISF3l78:fixed_wp240_o48_v1:34"",""MjbuarJ7SE0:fixed_wp240_o48_v1:33"",""FlGjISF3l78:fixed_wp240_o48_v1:33"",""RvRKT-jXvko:fixed_wp240_o48_v1:29"",""FlGjISF3l78:fixed_wp240_o48_v1:32"",""FlGjISF3l78:fixed_wp240_o48_v1:35"",""0jljZRnHwOI:fixed_wp240_o48_v1:2"",""MjbuarJ7SE0:fixed_wp240_o48_v1:27"",""0jljZRnHwOI:fixed_wp240_o48_v1:8"",""FlGjISF3l78:fixed_wp240_o48_v1:16""]","[0.48099077,0.46203911,0.44390833,0.41549236,0.41307032,0.4044992,0.3994377,0.38950872,0.38455713,0.37931961]","[""FlGjISF3l78"",""MjbuarJ7SE0"",""FlGjISF3l78"",""RvRKT-jXvko"",""FlGjISF3l78"",""FlGjISF3l78"",""0jljZRnHwOI"",""MjbuarJ7SE0"",""0jljZRnHwOI"",""FlGjISF3l78""]","[2325.07,2322.35,2261.0,2035.41,2187.89,2402.23,149.86,1887.04,611.49,1169.29]","[2402.23,2396.83,2326.45,2109.64,2261.0,2477.47,212.92,1955.58,684.718,1233.325]","[false,false,false,false,false,false,false,false,false,false]","[[],[],[],[],[],[],[],[],[],[]]",
mit60001_dense_304f7bc8ee6b2b73,fixed_wp240_o48_v1,mit60001-q-009,"According to the course, how are local variables created and used during a function call?",code_behavior,1,"[""MjbuarJ7SE0""]",548,8,0.125,8,0,0,0.0,0,0,0,0.0,0,0,0,0.0,0,1,1,1.0,1,"[""MjbuarJ7SE0:fixed_wp240_o48_v1:14"",""MjbuarJ7SE0:fixed_wp240_o48_v1:29"",""MjbuarJ7SE0:fixed_wp240_o48_v1:15"",""MjbuarJ7SE0:fixed_wp240_o48_v1:17"",""MjbuarJ7SE0:fixed_wp240_o48_v1:16"",""MjbuarJ7SE0:fixed_wp240_o48_v1:31"",""MjbuarJ7SE0:fixed_wp240_o48_v1:23"",""MjbuarJ7SE0:fixed_wp240_o48_v1:26"",""MjbuarJ7SE0:fixed_wp240_o48_v1:12"",""QaOHeMnpnmU:fixed_wp240_o48_v1:0""]","[0.57100272,0.55997175,0.55346096,0.53542733,0.53189975,0.53014982,0.51628065,0.51490295,0.50821483,0.50184625]","[""MjbuarJ7SE0"",""MjbuarJ7SE0"",""MjbuarJ7SE0"",""MjbuarJ7SE0"",""MjbuarJ7SE0"",""MjbuarJ7SE0"",""MjbuarJ7SE0"",""MjbuarJ7SE0"",""MjbuarJ7SE0"",""QaOHeMnpnmU""]","[976.88,2030.96,1045.92,1185.34,1113.49,2171.79,1606.83,1812.21,824.17,0.79]","[1045.92,2105.297,1113.49,1253.9,1185.34,2245.29,1675.64,1887.04,896.37,95.7]","[false,false,false,false,false,false,false,true,false,false]","[[],[],[],[],[],[],[],[1],[],[]]",
mit60001_dense_304f7bc8ee6b2b73,fixed_wp240_o48_v1,mit60001-q-010,What is the difference between mutable and immutable objects?,confusable,1,"[""RvRKT-jXvko""]",548,10,0.1,10,0,0,0.0,0,0,0,0.0,0,0,0,0.0,0,1,1,1.0,1,"[""RvRKT-jXvko:fixed_wp240_o48_v1:26"",""RvRKT-jXvko:fixed_wp240_o48_v1:29"",""RvRKT-jXvko:fixed_wp240_o48_v1:14"",""RvRKT-jXvko:fixed_wp240_o48_v1:1"",""WPSeyjX1-4s:fixed_wp240_o48_v1:39"",""WPSeyjX1-4s:fixed_wp240_o48_v1:1"",""nykOeWgQcHM:fixed_wp240_o48_v1:24"",""-DP1i2ZU9gk:fixed_wp240_o48_v1:1"",""RvRKT-jXvko:fixed_wp240_o48_v1:22"",""RvRKT-jXvko:fixed_wp240_o48_v1:12""]","[0.51975214,0.42603382,0.42570668,0.40586108,0.38361967,0.37294891,0.37187409,0.36244163,0.35384518,0.34472942]","[""RvRKT-jXvko"",""RvRKT-jXvko"",""RvRKT-jXvko"",""RvRKT-jXvko"",""WPSeyjX1-4s"",""WPSeyjX1-4s"",""nykOeWgQcHM"",""-DP1i2ZU9gk"",""RvRKT-jXvko"",""RvRKT-jXvko""]","[1817.88,2035.41,1009.75,77.12,2335.91,80.41,1755.13,91.0,1549.47,863.08]","[1896.05,2109.64,1070.846,147.69,2394.254,141.09,1826.05,159.23,1616.37,943.66]","[false,false,false,false,false,false,false,false,false,true]","[[],[],[],[],[],[],[],[],[],[1]]",
mit60001_dense_304f7bc8ee6b2b73,fixed_wp240_o48_v1,mit60001-q-014,What is the difference between a Python list and a dictionary?,concept_explanation,1,"[""WPSeyjX1-4s""]",548,7,0.142857143,7,0,0,0.0,0,0,0,0.0,0,0,0,0.0,0,1,1,1.0,1,"[""RvRKT-jXvko:fixed_wp240_o48_v1:14"",""-DP1i2ZU9gk:fixed_wp240_o48_v1:4"",""-DP1i2ZU9gk:fixed_wp240_o48_v1:21"",""-DP1i2ZU9gk:fixed_wp240_o48_v1:33"",""WPSeyjX1-4s:fixed_wp240_o48_v1:39"",""RvRKT-jXvko:fixed_wp240_o48_v1:15"",""WPSeyjX1-4s:fixed_wp240_o48_v1:40"",""RvRKT-jXvko:fixed_wp240_o48_v1:26"",""RvRKT-jXvko:fixed_wp240_o48_v1:29"",""-DP1i2ZU9gk:fixed_wp240_o48_v1:2""]","[0.58603728,0.5570392,0.55065691,0.53553033,0.53515673,0.52919161,0.52517903,0.52272761,0.51576114,0.51449871]","[""RvRKT-jXvko"",""-DP1i2ZU9gk"",""-DP1i2ZU9gk"",""-DP1i2ZU9gk"",""WPSeyjX1-4s"",""RvRKT-jXvko"",""WPSeyjX1-4s"",""RvRKT-jXvko"",""RvRKT-jXvko"",""-DP1i2ZU9gk""]","[1009.75,293.63,1557.62,2467.68,2335.91,1066.72,2394.254,1817.88,2035.41,159.23]","[1070.846,364.34,1625.16,2497.08,2394.254,1138.28,2451.17,1896.05,2109.64,223.67]","[false,false,false,false,false,false,true,false,false,false]","[[],[],[],[],[],[],[1],[],[],[]]",
mit60001_dense_304f7bc8ee6b2b73,fixed_wp240_o48_v1,mit60001-q-015,"According to the course, how is using the shell different from using the editor?",factual,1,"[""nykOeWgQcHM""]",548,7,0.142857143,7,0,0,0.0,0,0,0,0.0,0,0,0,0.0,0,1,1,1.0,1,"[""nykOeWgQcHM:fixed_wp240_o48_v1:27"",""nykOeWgQcHM:fixed_wp240_o48_v1:5"",""RvRKT-jXvko:fixed_wp240_o48_v1:23"",""SE4P7IVCunE:fixed_wp240_o48_v1:0"",""RvRKT-jXvko:fixed_wp240_o48_v1:25"",""Y6J8I056Ffw:fixed_wp240_o48_v1:0"",""nykOeWgQcHM:fixed_wp240_o48_v1:23"",""WPSeyjX1-4s:fixed_wp240_o48_v1:0"",""P-0w8xWcnDQ:fixed_wp240_o48_v1:0"",""nykOeWgQcHM:fixed_wp240_o48_v1:17""]","[0.43374217,0.3210327,0.30534041,0.2856496,0.2748037,0.27324969,0.26749951,0.26588967,0.25528848,0.25466484]","[""nykOeWgQcHM"",""nykOeWgQcHM"",""RvRKT-jXvko"",""SE4P7IVCunE"",""RvRKT-jXvko"",""Y6J8I056Ffw"",""nykOeWgQcHM"",""WPSeyjX1-4s"",""P-0w8xWcnDQ"",""nykOeWgQcHM""]","[1967.24,329.0,1616.37,0.79,1749.57,0.79,1673.21,0.79,0.79,1210.79]","[2042.41,391.97,1677.327,81.31,1818.84,61.948,1750.105,80.41,71.35,1296.72]","[false,false,false,false,false,false,true,false,false,false]","[[],[],[],[],[],[],[1],[],[],[]]",
mit60001_dense_304f7bc8ee6b2b73,fixed_wp240_o48_v1,mit60001-q-016,"According to the course, what does an assertion check in a program?",factual,3,"[""9H6muyZjms0""]",548,1,1.0,4,1,1,0.333333333,0,1,2,0.666666667,0,1,3,1.0,1,1,3,1.0,1,"[""9H6muyZjms0:fixed_wp240_o48_v1:31"",""9H6muyZjms0:fixed_wp240_o48_v1:32"",""nykOeWgQcHM:fixed_wp240_o48_v1:16"",""9H6muyZjms0:fixed_wp240_o48_v1:33"",""0jljZRnHwOI:fixed_wp240_o48_v1:18"",""9H6muyZjms0:fixed_wp240_o48_v1:15"",""WPSeyjX1-4s:fixed_wp240_o48_v1:10"",""9H6muyZjms0:fixed_wp240_o48_v1:8"",""0jljZRnHwOI:fixed_wp240_o48_v1:16"",""0jljZRnHwOI:fixed_wp240_o48_v1:20""]","[0.61929184,0.59503096,0.515885,0.50365716,0.44175339,0.42692411,0.42203552,0.4086175,0.40513933,0.4011969]","[""9H6muyZjms0"",""9H6muyZjms0"",""nykOeWgQcHM"",""9H6muyZjms0"",""0jljZRnHwOI"",""9H6muyZjms0"",""WPSeyjX1-4s"",""9H6muyZjms0"",""0jljZRnHwOI"",""0jljZRnHwOI""]","[2218.38,2317.36,1133.84,2406.74,1331.065,1012.27,629.41,511.92,1174.34,1476.11]","[2317.36,2406.74,1210.79,2477.28,1402.68,1081.57,692.75,579.82,1251.689,1555.78]","[true,true,false,true,false,false,false,false,false,false]","[[1],[2],[],[3],[],[],[],[],[],[]]",
mit60001_dense_304f7bc8ee6b2b73,fixed_wp240_o48_v1,mit60001-q-017,What does the course say is the purpose of exception handling?,factual,2,"[""9H6muyZjms0""]",548,3,0.333333333,4,0,0,0.0,0,1,1,0.5,0,1,2,1.0,1,1,2,1.0,1,"[""9H6muyZjms0:fixed_wp240_o48_v1:19"",""9H6muyZjms0:fixed_wp240_o48_v1:23"",""9H6muyZjms0:fixed_wp240_o48_v1:21"",""9H6muyZjms0:fixed_wp240_o48_v1:26"",""9H6muyZjms0:fixed_wp240_o48_v1:22"",""9H6muyZjms0:fixed_wp240_o48_v1:20"",""9H6muyZjms0:fixed_wp240_o48_v1:31"",""9H6muyZjms0:fixed_wp240_o48_v1:32"",""9H6muyZjms0:fixed_wp240_o48_v1:24"",""9H6muyZjms0:fixed_wp240_o48_v1:0""]","[0.56904924,0.51280326,0.5025301,0.46572596,0.4506231,0.43365756,0.41787195,0.39941734,0.38899741,0.36948583]","[""9H6muyZjms0"",""9H6muyZjms0"",""9H6muyZjms0"",""9H6muyZjms0"",""9H6muyZjms0"",""9H6muyZjms0"",""9H6muyZjms0"",""9H6muyZjms0"",""9H6muyZjms0"",""9H6muyZjms0""]","[1284.36,1602.85,1443.59,1826.24,1534.46,1367.392,2218.38,2317.36,1684.259,0.79]","[1368.85,1681.031,1534.46,1907.09,1602.85,1443.59,2317.36,2406.74,1751.084,75.69]","[false,false,true,true,false,false,false,false,false,false]","[[],[],[1],[2],[],[],[],[],[],[]]",
mit60001_dense_304f7bc8ee6b2b73,fixed_wp240_o48_v1,mit60001-q-018,What does black-box testing examine according to the course?,factual,1,"[""9H6muyZjms0""]",548,2,0.5,2,0,0,0.0,0,1,1,1.0,1,1,1,1.0,1,1,1,1.0,1,"[""9H6muyZjms0:fixed_wp240_o48_v1:9"",""9H6muyZjms0:fixed_wp240_o48_v1:8"",""9H6muyZjms0:fixed_wp240_o48_v1:6"",""nykOeWgQcHM:fixed_wp240_o48_v1:16"",""9H6muyZjms0:fixed_wp240_o48_v1:11"",""0jljZRnHwOI:fixed_wp240_o48_v1:13"",""9H6muyZjms0:fixed_wp240_o48_v1:31"",""9H6muyZjms0:fixed_wp240_o48_v1:32"",""nykOeWgQcHM:fixed_wp240_o48_v1:3"",""9H6muyZjms0:fixed_wp240_o48_v1:4""]","[0.51633978,0.42558628,0.36656004,0.35719192,0.35648507,0.34938034,0.33020097,0.32187197,0.32041615,0.30950743]","[""9H6muyZjms0"",""9H6muyZjms0"",""9H6muyZjms0"",""nykOeWgQcHM"",""9H6muyZjms0"",""0jljZRnHwOI"",""9H6muyZjms0"",""9H6muyZjms0"",""nykOeWgQcHM"",""9H6muyZjms0""]","[579.82,511.92,383.22,1133.84,722.394,977.22,2218.38,2317.36,194.436,248.15]","[657.1,579.82,446.96,1210.79,802.47,1050.65,2317.36,2406.74,258.73,319.93]","[false,true,false,false,false,false,false,false,false,false]","[[],[1],[],[],[],[],[],[],[],[]]",
mit60001_dense_304f7bc8ee6b2b73,fixed_wp240_o48_v1,mit60001-q-019,"According to the lecture, what is the goal of bisection search?",factual,1,"[""6LOwPhPDwVc""]",548,1,1.0,1,1,1,1.0,1,1,1,1.0,1,1,1,1.0,1,1,1,1.0,1,"[""6LOwPhPDwVc:fixed_wp240_o48_v1:1"",""7lQXYl_L28w:fixed_wp240_o48_v1:8"",""SE4P7IVCunE:fixed_wp240_o48_v1:33"",""SE4P7IVCunE:fixed_wp240_o48_v1:32"",""7lQXYl_L28w:fixed_wp240_o48_v1:13"",""6LOwPhPDwVc:fixed_wp240_o48_v1:5"",""SE4P7IVCunE:fixed_wp240_o48_v1:18"",""SE4P7IVCunE:fixed_wp240_o48_v1:1"",""6LOwPhPDwVc:fixed_wp240_o48_v1:2"",""SE4P7IVCunE:fixed_wp240_o48_v1:29""]","[0.64569348,0.5790717,0.54950827,0.53617203,0.48140278,0.47637543,0.44055367,0.43710637,0.42905468,0.42731142]","[""6LOwPhPDwVc"",""7lQXYl_L28w"",""SE4P7IVCunE"",""SE4P7IVCunE"",""7lQXYl_L28w"",""6LOwPhPDwVc"",""SE4P7IVCunE"",""SE4P7IVCunE"",""6LOwPhPDwVc"",""SE4P7IVCunE""]","[80.55,475.86,2389.06,2316.66,738.06,306.76,1323.75,81.31,142.04,2117.352]","[144.96,530.14,2460.46,2386.49,787.56,363.07,1393.247,150.77,198.599,2187.79]","[true,false,false,false,false,false,false,false,false,false]","[[1],[],[],[],[],[],[],[],[],[]]",
mit60001_dense_304f7bc8ee6b2b73,fixed_wp240_o48_v1,mit60001-q-020,"How does the lecture use len, indexing, and slicing to inspect or extract parts of a string?",factual,2,"[""SE4P7IVCunE""]",548,1,1.0,3,1,1,0.5,0,1,2,1.0,1,1,2,1.0,1,1,2,1.0,1,"[""SE4P7IVCunE:fixed_wp240_o48_v1:2"",""MjbuarJ7SE0:fixed_wp240_o48_v1:0"",""SE4P7IVCunE:fixed_wp240_o48_v1:5"",""SE4P7IVCunE:fixed_wp240_o48_v1:3"",""SE4P7IVCunE:fixed_wp240_o48_v1:6"",""4WtaFLayz_w:fixed_wp240_o48_v1:0"",""RvRKT-jXvko:fixed_wp240_o48_v1:13"",""SE4P7IVCunE:fixed_wp240_o48_v1:12"",""RvRKT-jXvko:fixed_wp240_o48_v1:23"",""-jjUoTiaSHw:fixed_wp240_o48_v1:0""]","[0.59348917,0.55282915,0.55262744,0.550161,0.528503,0.51438075,0.50245631,0.49969882,0.49854597,0.48849162]","[""SE4P7IVCunE"",""MjbuarJ7SE0"",""SE4P7IVCunE"",""SE4P7IVCunE"",""SE4P7IVCunE"",""4WtaFLayz_w"",""RvRKT-jXvko"",""SE4P7IVCunE"",""RvRKT-jXvko"",""-jjUoTiaSHw""]","[150.77,0.79,365.44,222.01,440.11,0.79,946.68,896.88,1616.37,0.79]","[222.01,79.82,443.2,294.57,532.51,70.64,1009.75,957.89,1677.327,84.18]","[true,false,true,true,true,false,false,false,false,false]","[[1],[],[2],[1],[2],[],[],[],[],[]]",
mit60001_dense_304f7bc8ee6b2b73,fixed_wp240_o48_v1,mit60001-q-021,How does the course explain the role of Boolean comparisons in branching?,concept_explanation,1,"[""0jljZRnHwOI""]",548,1,1.0,1,1,1,1.0,1,1,1,1.0,1,1,1,1.0,1,1,1,1.0,1,"[""0jljZRnHwOI:fixed_wp240_o48_v1:13"",""9H6muyZjms0:fixed_wp240_o48_v1:10"",""FlGjISF3l78:fixed_wp240_o48_v1:39"",""9H6muyZjms0:fixed_wp240_o48_v1:11"",""0jljZRnHwOI:fixed_wp240_o48_v1:21"",""0jljZRnHwOI:fixed_wp240_o48_v1:20"",""0jljZRnHwOI:fixed_wp240_o48_v1:19"",""SE4P7IVCunE:fixed_wp240_o48_v1:0"",""0jljZRnHwOI:fixed_wp240_o48_v1:18"",""6LOwPhPDwVc:fixed_wp240_o48_v1:22""]","[0.52837968,0.50143832,0.48504168,0.4687694,0.4366796,0.43538868,0.38913932,0.37535828,0.36647135,0.36586195]","[""0jljZRnHwOI"",""9H6muyZjms0"",""FlGjISF3l78"",""9H6muyZjms0"",""0jljZRnHwOI"",""0jljZRnHwOI"",""0jljZRnHwOI"",""SE4P7IVCunE"",""0jljZRnHwOI"",""6LOwPhPDwVc""]","[977.22,657.1,2709.251,722.394,1555.78,1476.11,1402.68,0.79,1331.065,1309.504]","[1050.65,724.06,2771.69,802.47,1626.08,1555.78,1476.11,81.31,1402.68,1361.41]","[true,false,false,false,false,false,false,false,false,false]","[[1],[],[],[],[],[],[],[],[],[]]",
mit60001_dense_304f7bc8ee6b2b73,fixed_wp240_o48_v1,mit60001-q-022,Why is a dictionary more suitable than a list for key-value lookup?,concept_explanation,3,"[""WPSeyjX1-4s"",""7lQXYl_L28w""]",548,2,0.5,3,0,0,0.0,0,1,3,1.0,1,1,3,1.0,1,1,3,1.0,1,"[""WPSeyjX1-4s:fixed_wp240_o48_v1:39"",""WPSeyjX1-4s:fixed_wp240_o48_v1:40"",""7lQXYl_L28w:fixed_wp240_o48_v1:50"",""WPSeyjX1-4s:fixed_wp240_o48_v1:37"",""WPSeyjX1-4s:fixed_wp240_o48_v1:36"",""WPSeyjX1-4s:fixed_wp240_o48_v1:38"",""WPSeyjX1-4s:fixed_wp240_o48_v1:35"",""WPSeyjX1-4s:fixed_wp240_o48_v1:45"",""WPSeyjX1-4s:fixed_wp240_o48_v1:48"",""RvRKT-jXvko:fixed_wp240_o48_v1:15""]","[0.68238497,0.60590184,0.57627308,0.56917691,0.56915081,0.54936129,0.52122504,0.49690589,0.43991667,0.43225703]","[""WPSeyjX1-4s"",""WPSeyjX1-4s"",""7lQXYl_L28w"",""WPSeyjX1-4s"",""WPSeyjX1-4s"",""WPSeyjX1-4s"",""WPSeyjX1-4s"",""WPSeyjX1-4s"",""WPSeyjX1-4s"",""RvRKT-jXvko""]","[2335.91,2394.254,2890.43,2218.12,2155.67,2279.65,2096.949,2678.13,2832.67,1066.72]","[2394.254,2451.17,2947.144,2281.74,2218.12,2338.21,2155.67,2728.95,2893.41,1138.28]","[false,true,true,false,false,false,false,false,false,false]","[[],[1],[2,3],[],[],[],[],[],[],[]]",
mit60001_dense_304f7bc8ee6b2b73,fixed_wp240_o48_v1,mit60001-q-023,How does the course explain abstraction when functions are used in a program?,concept_explanation,2,"[""6LOwPhPDwVc"",""MjbuarJ7SE0""]",548,1,1.0,37,1,1,0.5,0,1,1,0.5,0,1,1,0.5,0,1,1,0.5,0,"[""MjbuarJ7SE0:fixed_wp240_o48_v1:7"",""MjbuarJ7SE0:fixed_wp240_o48_v1:8"",""MjbuarJ7SE0:fixed_wp240_o48_v1:12"",""MjbuarJ7SE0:fixed_wp240_o48_v1:3"",""MjbuarJ7SE0:fixed_wp240_o48_v1:10"",""RvRKT-jXvko:fixed_wp240_o48_v1:0"",""nykOeWgQcHM:fixed_wp240_o48_v1:4"",""9H6muyZjms0:fixed_wp240_o48_v1:4"",""QaOHeMnpnmU:fixed_wp240_o48_v1:0"",""MjbuarJ7SE0:fixed_wp240_o48_v1:15""]","[0.65580881,0.61628723,0.58362746,0.58302546,0.57207876,0.565377,0.55940151,0.5394063,0.53864974,0.51260006]","[""MjbuarJ7SE0"",""MjbuarJ7SE0"",""MjbuarJ7SE0"",""MjbuarJ7SE0"",""MjbuarJ7SE0"",""RvRKT-jXvko"",""nykOeWgQcHM"",""9H6muyZjms0"",""QaOHeMnpnmU"",""MjbuarJ7SE0""]","[489.24,555.63,824.17,212.985,671.59,0.79,258.73,248.15,0.79,1045.92]","[555.63,610.32,896.37,282.54,747.34,79.02,329.0,319.93,95.7,1113.49]","[true,false,false,false,false,false,false,false,false,false]","[[2],[],[],[],[],[],[],[],[],[]]",
mit60001_dense_304f7bc8ee6b2b73,fixed_wp240_o48_v1,mit60001-q-025,How does the course explain the role of inheritance in object-oriented programming?,concept_explanation,1,"[""FlGjISF3l78""]",548,2,0.5,2,0,0,0.0,0,1,1,1.0,1,1,1,1.0,1,1,1,1.0,1,"[""FlGjISF3l78:fixed_wp240_o48_v1:1"",""FlGjISF3l78:fixed_wp240_o48_v1:19"",""-DP1i2ZU9gk:fixed_wp240_o48_v1:0"",""FlGjISF3l78:fixed_wp240_o48_v1:0"",""nykOeWgQcHM:fixed_wp240_o48_v1:4"",""FlGjISF3l78:fixed_wp240_o48_v1:31"",""FlGjISF3l78:fixed_wp240_o48_v1:40"",""-DP1i2ZU9gk:fixed_wp240_o48_v1:9"",""8s0d87sjy1A:fixed_wp240_o48_v1:0"",""-DP1i2ZU9gk:fixed_wp240_o48_v1:8""]","[0.63597655,0.5850141,0.53441763,0.52483821,0.51945466,0.51359761,0.49430782,0.47387293,0.47065598,0.46975937]","[""FlGjISF3l78"",""FlGjISF3l78"",""-DP1i2ZU9gk"",""FlGjISF3l78"",""nykOeWgQcHM"",""FlGjISF3l78"",""FlGjISF3l78"",""-DP1i2ZU9gk"",""8s0d87sjy1A"",""-DP1i2ZU9gk""]","[83.06,1375.31,0.79,0.79,258.73,2119.02,2771.69,650.24,0.69,577.38]","[157.8,1447.99,91.0,83.06,329.0,2191.8,2839.45,723.98,78.6,650.24]","[false,true,false,false,false,false,false,false,false,false]","[[],[1],[],[],[],[],[],[],[],[]]",
mit60001_dense_304f7bc8ee6b2b73,fixed_wp240_o48_v1,mit60001-q-026,What happens when a list element is accessed using an index?,code_behavior,2,"[""o9nW0uBqvEo"",""-DP1i2ZU9gk""]",548,1,1.0,4,1,1,0.5,0,1,1,0.5,0,1,2,1.0,1,1,2,1.0,1,"[""-DP1i2ZU9gk:fixed_wp240_o48_v1:4"",""RvRKT-jXvko:fixed_wp240_o48_v1:13"",""-DP1i2ZU9gk:fixed_wp240_o48_v1:5"",""o9nW0uBqvEo:fixed_wp240_o48_v1:43"",""o9nW0uBqvEo:fixed_wp240_o48_v1:40"",""RvRKT-jXvko:fixed_wp240_o48_v1:19"",""RvRKT-jXvko:fixed_wp240_o48_v1:16"",""WPSeyjX1-4s:fixed_wp240_o48_v1:35"",""7lQXYl_L28w:fixed_wp240_o48_v1:9"",""WPSeyjX1-4s:fixed_wp240_o48_v1:34""]","[0.56977916,0.53436631,0.53367615,0.51371181,0.50387561,0.48729748,0.48443815,0.4790363,0.44641209,0.44158518]","[""-DP1i2ZU9gk"",""RvRKT-jXvko"",""-DP1i2ZU9gk"",""o9nW0uBqvEo"",""o9nW0uBqvEo"",""RvRKT-jXvko"",""RvRKT-jXvko"",""WPSeyjX1-4s"",""7lQXYl_L28w"",""WPSeyjX1-4s""]","[293.63,946.68,364.34,2573.418,2392.33,1358.92,1138.28,2096.949,530.14,2038.65]","[364.34,1009.75,428.3,2635.73,2456.18,1423.31,1208.93,2155.67,583.8,2096.949]","[true,false,false,true,false,false,false,false,false,false]","[[2],[],[],[1],[],[],[],[],[],[]]",
mit60001_dense_304f7bc8ee6b2b73,fixed_wp240_o48_v1,mit60001-q-027,How does a for loop process the characters in a string?,code_behavior,1,"[""SE4P7IVCunE""]",548,1,1.0,1,1,1,1.0,1,1,1,1.0,1,1,1,1.0,1,1,1,1.0,1,"[""SE4P7IVCunE:fixed_wp240_o48_v1:13"",""SE4P7IVCunE:fixed_wp240_o48_v1:12"",""SE4P7IVCunE:fixed_wp240_o48_v1:2"",""SE4P7IVCunE:fixed_wp240_o48_v1:10"",""SE4P7IVCunE:fixed_wp240_o48_v1:16"",""RvRKT-jXvko:fixed_wp240_o48_v1:8"",""4WtaFLayz_w:fixed_wp240_o48_v1:0"",""SE4P7IVCunE:fixed_wp240_o48_v1:3"",""SE4P7IVCunE:fixed_wp240_o48_v1:14"",""0jljZRnHwOI:fixed_wp240_o48_v1:35""]","[0.66101086,0.57666713,0.57516098,0.56373346,0.5627861,0.5588882,0.53266203,0.52689958,0.51029634,0.50840181]","[""SE4P7IVCunE"",""SE4P7IVCunE"",""SE4P7IVCunE"",""SE4P7IVCunE"",""SE4P7IVCunE"",""RvRKT-jXvko"",""4WtaFLayz_w"",""SE4P7IVCunE"",""SE4P7IVCunE"",""0jljZRnHwOI""]","[955.724,896.88,150.77,744.57,1171.5,574.83,0.79,222.01,1035.67,2560.7]","[1035.67,957.89,222.01,818.6,1255.29,642.9,70.64,294.57,1100.82,2602.42]","[true,false,false,false,false,false,false,false,false,false]","[[1],[],[],[],[],[],[],[],[],[]]",
mit60001_dense_304f7bc8ee6b2b73,fixed_wp240_o48_v1,mit60001-q-029,How does a function return a value to its caller?,code_behavior,1,"[""MjbuarJ7SE0""]",548,1,1.0,1,1,1,1.0,1,1,1,1.0,1,1,1,1.0,1,1,1,1.0,1,"[""MjbuarJ7SE0:fixed_wp240_o48_v1:12"",""MjbuarJ7SE0:fixed_wp240_o48_v1:17"",""MjbuarJ7SE0:fixed_wp240_o48_v1:10"",""MjbuarJ7SE0:fixed_wp240_o48_v1:14"",""MjbuarJ7SE0:fixed_wp240_o48_v1:25"",""MjbuarJ7SE0:fixed_wp240_o48_v1:33"",""MjbuarJ7SE0:fixed_wp240_o48_v1:13"",""RvRKT-jXvko:fixed_wp240_o48_v1:5"",""4gPwo38MNss:fixed_wp240_o48_v1:2"",""MjbuarJ7SE0:fixed_wp240_o48_v1:23""]","[0.60141599,0.56989419,0.54186463,0.53320134,0.53237647,0.52463591,0.52327073,0.52048677,0.51354504,0.48958671]","[""MjbuarJ7SE0"",""MjbuarJ7SE0"",""MjbuarJ7SE0"",""MjbuarJ7SE0"",""MjbuarJ7SE0"",""MjbuarJ7SE0"",""MjbuarJ7SE0"",""RvRKT-jXvko"",""4gPwo38MNss"",""MjbuarJ7SE0""]","[824.17,1185.34,671.59,976.88,1736.85,2322.35,892.91,364.63,129.229,1606.83]","[896.37,1253.9,747.34,1045.92,1812.21,2396.83,976.88,444.26,153.11,1675.64]","[true,false,false,false,false,false,true,false,false,false]","[[1],[],[],[],[],[],[1],[],[],[]]",
mit60001_dense_304f7bc8ee6b2b73,fixed_wp240_o48_v1,mit60001-q-030,What role does self play when a method is called on an object?,code_behavior,2,"[""-DP1i2ZU9gk""]",548,1,1.0,1,1,2,1.0,1,1,2,1.0,1,1,2,1.0,1,1,2,1.0,1,"[""-DP1i2ZU9gk:fixed_wp240_o48_v1:13"",""FlGjISF3l78:fixed_wp240_o48_v1:24"",""FlGjISF3l78:fixed_wp240_o48_v1:3"",""-DP1i2ZU9gk:fixed_wp240_o48_v1:18"",""-DP1i2ZU9gk:fixed_wp240_o48_v1:21"",""FlGjISF3l78:fixed_wp240_o48_v1:7"",""goalLDamePE:fixed_wp240_o48_v1:1"",""-DP1i2ZU9gk:fixed_wp240_o48_v1:29"",""FlGjISF3l78:fixed_wp240_o48_v1:2"",""-DP1i2ZU9gk:fixed_wp240_o48_v1:17""]","[0.58800304,0.57002485,0.55355537,0.50802445,0.50149101,0.49273223,0.46816745,0.46562785,0.46230316,0.45455265]","[""-DP1i2ZU9gk"",""FlGjISF3l78"",""FlGjISF3l78"",""-DP1i2ZU9gk"",""-DP1i2ZU9gk"",""FlGjISF3l78"",""goalLDamePE"",""-DP1i2ZU9gk"",""FlGjISF3l78"",""-DP1i2ZU9gk""]","[933.3,1689.95,229.06,1328.72,1557.62,544.77,63.59,2163.71,157.8,1259.45]","[1013.37,1748.91,308.2,1408.4,1625.16,606.486,84.95,2230.41,231.46,1328.72]","[true,false,false,false,false,false,false,false,false,false]","[[1,2],[],[],[],[],[],[],[],[],[]]",
mit60001_dense_304f7bc8ee6b2b73,fixed_wp240_o48_v1,mit60001-q-031,What happens when a list is mutated through one of several aliases?,code_behavior,2,"[""RvRKT-jXvko""]",548,4,0.25,5,0,0,0.0,0,0,0,0.0,0,1,2,1.0,1,1,2,1.0,1,"[""RvRKT-jXvko:fixed_wp240_o48_v1:22"",""RvRKT-jXvko:fixed_wp240_o48_v1:28"",""SrkqbLOQcEo:fixed_wp240_o48_v1:1"",""RvRKT-jXvko:fixed_wp240_o48_v1:29"",""RvRKT-jXvko:fixed_wp240_o48_v1:26"",""RvRKT-jXvko:fixed_wp240_o48_v1:20"",""RvRKT-jXvko:fixed_wp240_o48_v1:31"",""RvRKT-jXvko:fixed_wp240_o48_v1:30"",""RvRKT-jXvko:fixed_wp240_o48_v1:25"",""RvRKT-jXvko:fixed_wp240_o48_v1:27""]","[0.60796279,0.58898312,0.56454825,0.56141043,0.51386619,0.49493057,0.47423029,0.47182822,0.46702439,0.44640335]","[""RvRKT-jXvko"",""RvRKT-jXvko"",""SrkqbLOQcEo"",""RvRKT-jXvko"",""RvRKT-jXvko"",""RvRKT-jXvko"",""RvRKT-jXvko"",""RvRKT-jXvko"",""RvRKT-jXvko"",""RvRKT-jXvko""]","[1549.47,1965.56,76.05,2035.41,1817.88,1423.31,2186.19,2109.64,1749.57,1894.01]","[1616.37,2035.41,144.05,2109.64,1896.05,1484.35,2274.8,2190.3,1818.84,1965.56]","[false,false,false,true,true,false,false,true,false,true]","[[],[],[],[1],[2],[],[],[1],[],[2]]",
mit60001_dense_304f7bc8ee6b2b73,fixed_wp240_o48_v1,mit60001-q-032,What happens when an exception is raised and no matching handler is used?,code_behavior,2,"[""9H6muyZjms0""]",548,1,1.0,4,1,1,0.5,0,1,1,0.5,0,1,2,1.0,1,1,2,1.0,1,"[""9H6muyZjms0:fixed_wp240_o48_v1:21"",""9H6muyZjms0:fixed_wp240_o48_v1:19"",""9H6muyZjms0:fixed_wp240_o48_v1:23"",""9H6muyZjms0:fixed_wp240_o48_v1:26"",""9H6muyZjms0:fixed_wp240_o48_v1:33"",""9H6muyZjms0:fixed_wp240_o48_v1:22"",""9H6muyZjms0:fixed_wp240_o48_v1:24"",""9H6muyZjms0:fixed_wp240_o48_v1:20"",""9H6muyZjms0:fixed_wp240_o48_v1:31"",""6LOwPhPDwVc:fixed_wp240_o48_v1:16""]","[0.46061707,0.45384845,0.44352922,0.35269552,0.3526614,0.32580829,0.3163335,0.31110632,0.27379468,0.27018541]","[""9H6muyZjms0"",""9H6muyZjms0"",""9H6muyZjms0"",""9H6muyZjms0"",""9H6muyZjms0"",""9H6muyZjms0"",""9H6muyZjms0"",""9H6muyZjms0"",""9H6muyZjms0"",""6LOwPhPDwVc""]","[1443.59,1284.36,1602.85,1826.24,2406.74,1534.46,1684.259,1367.392,2218.38,911.16]","[1534.46,1368.85,1681.031,1907.09,2477.28,1602.85,1751.084,1443.59,2317.36,967.27]","[true,false,false,true,false,false,false,true,false,false]","[[1],[],[],[2],[],[],[],[1],[],[]]",
mit60001_dense_304f7bc8ee6b2b73,fixed_wp240_o48_v1,mit60001-q-033,How does the course connect decomposition and abstraction when building programs with functions?,multi_chunk,1,"[""MjbuarJ7SE0""]",548,1,1.0,1,1,1,1.0,1,1,1,1.0,1,1,1,1.0,1,1,1,1.0,1,"[""MjbuarJ7SE0:fixed_wp240_o48_v1:7"",""MjbuarJ7SE0:fixed_wp240_o48_v1:3"",""RvRKT-jXvko:fixed_wp240_o48_v1:0"",""nykOeWgQcHM:fixed_wp240_o48_v1:4"",""9H6muyZjms0:fixed_wp240_o48_v1:4"",""MjbuarJ7SE0:fixed_wp240_o48_v1:8"",""-DP1i2ZU9gk:fixed_wp240_o48_v1:6"",""MjbuarJ7SE0:fixed_wp240_o48_v1:29"",""MjbuarJ7SE0:fixed_wp240_o48_v1:12"",""MjbuarJ7SE0:fixed_wp240_o48_v1:15""]","[0.67830467,0.63771886,0.62686461,0.60345191,0.5861311,0.54131866,0.50888872,0.4929325,0.48680884,0.4822754]","[""MjbuarJ7SE0"",""MjbuarJ7SE0"",""RvRKT-jXvko"",""nykOeWgQcHM"",""9H6muyZjms0"",""MjbuarJ7SE0"",""-DP1i2ZU9gk"",""MjbuarJ7SE0"",""MjbuarJ7SE0"",""MjbuarJ7SE0""]","[489.24,212.985,0.79,258.73,248.15,555.63,428.3,2030.96,824.17,1045.92]","[555.63,282.54,79.02,329.0,319.93,610.32,503.3,2105.297,896.37,1113.49]","[true,false,false,false,false,true,false,false,false,false]","[[1],[],[],[],[],[1],[],[],[],[]]",
mit60001_dense_304f7bc8ee6b2b73,fixed_wp240_o48_v1,mit60001-q-034,How does the course connect testing and debugging when finding program errors?,multi_chunk,2,"[""9H6muyZjms0""]",548,4,0.25,8,0,0,0.0,0,0,0,0.0,0,1,1,0.5,0,1,2,1.0,1,"[""9H6muyZjms0:fixed_wp240_o48_v1:19"",""9H6muyZjms0:fixed_wp240_o48_v1:6"",""9H6muyZjms0:fixed_wp240_o48_v1:14"",""9H6muyZjms0:fixed_wp240_o48_v1:15"",""9H6muyZjms0:fixed_wp240_o48_v1:13"",""9H6muyZjms0:fixed_wp240_o48_v1:11"",""9H6muyZjms0:fixed_wp240_o48_v1:33"",""9H6muyZjms0:fixed_wp240_o48_v1:4"",""nykOeWgQcHM:fixed_wp240_o48_v1:16"",""9H6muyZjms0:fixed_wp240_o48_v1:5""]","[0.4926255,0.47325343,0.47225168,0.46078479,0.4545871,0.45014194,0.42975867,0.42347705,0.42073745,0.42006218]","[""9H6muyZjms0"",""9H6muyZjms0"",""9H6muyZjms0"",""9H6muyZjms0"",""9H6muyZjms0"",""9H6muyZjms0"",""9H6muyZjms0"",""9H6muyZjms0"",""nykOeWgQcHM"",""9H6muyZjms0""]","[1284.36,383.22,943.53,1012.27,883.019,722.394,2406.74,248.15,1133.84,317.61]","[1368.85,446.96,1012.27,1081.57,943.53,802.47,2477.28,319.93,1210.79,383.22]","[false,false,false,true,false,false,false,true,false,true]","[[],[],[],[1],[],[],[],[2],[],[2]]",
mit60001_dense_304f7bc8ee6b2b73,fixed_wp240_o48_v1,mit60001-q-035,How does the course connect list aliasing with mutation side effects?,multi_chunk,2,"[""RvRKT-jXvko"",""WPSeyjX1-4s""]",548,2,0.5,7,0,0,0.0,0,1,1,0.5,0,1,1,0.5,0,1,2,1.0,1,"[""RvRKT-jXvko:fixed_wp240_o48_v1:28"",""RvRKT-jXvko:fixed_wp240_o48_v1:29"",""RvRKT-jXvko:fixed_wp240_o48_v1:27"",""RvRKT-jXvko:fixed_wp240_o48_v1:31"",""RvRKT-jXvko:fixed_wp240_o48_v1:22"",""RvRKT-jXvko:fixed_wp240_o48_v1:30"",""WPSeyjX1-4s:fixed_wp240_o48_v1:1"",""SrkqbLOQcEo:fixed_wp240_o48_v1:1"",""WPSeyjX1-4s:fixed_wp240_o48_v1:0"",""RvRKT-jXvko:fixed_wp240_o48_v1:26""]","[0.40090731,0.37495935,0.36790532,0.36077812,0.35819131,0.32974356,0.3274439,0.32525963,0.31261823,0.31236273]","[""RvRKT-jXvko"",""RvRKT-jXvko"",""RvRKT-jXvko"",""RvRKT-jXvko"",""RvRKT-jXvko"",""RvRKT-jXvko"",""WPSeyjX1-4s"",""SrkqbLOQcEo"",""WPSeyjX1-4s"",""RvRKT-jXvko""]","[1965.56,2035.41,1894.01,2186.19,1549.47,2109.64,80.41,76.05,0.79,1817.88]","[2035.41,2109.64,1965.56,2274.8,1616.37,2190.3,141.09,144.05,80.41,1896.05]","[false,true,false,false,false,true,true,false,true,false]","[[],[1],[],[],[],[1],[2],[],[2],[]]",
mit60001_dense_304f7bc8ee6b2b73,fixed_wp240_o48_v1,mit60001-q-037,How do linear search and binary search differ in the number of elements they need to examine?,multi_chunk,2,"[""6LOwPhPDwVc"",""7lQXYl_L28w""]",548,1,1.0,3,1,1,0.5,0,1,2,1.0,1,1,2,1.0,1,1,2,1.0,1,"[""7lQXYl_L28w:fixed_wp240_o48_v1:8"",""6LOwPhPDwVc:fixed_wp240_o48_v1:1"",""6LOwPhPDwVc:fixed_wp240_o48_v1:2"",""7lQXYl_L28w:fixed_wp240_o48_v1:9"",""6LOwPhPDwVc:fixed_wp240_o48_v1:8"",""6LOwPhPDwVc:fixed_wp240_o48_v1:3"",""o9nW0uBqvEo:fixed_wp240_o48_v1:45"",""7lQXYl_L28w:fixed_wp240_o48_v1:13"",""7lQXYl_L28w:fixed_wp240_o48_v1:11"",""o9nW0uBqvEo:fixed_wp240_o48_v1:44""]","[0.65197539,0.53527403,0.53444421,0.50719869,0.48426351,0.47444993,0.46182626,0.46034217,0.45866612,0.44504699]","[""7lQXYl_L28w"",""6LOwPhPDwVc"",""6LOwPhPDwVc"",""7lQXYl_L28w"",""6LOwPhPDwVc"",""6LOwPhPDwVc"",""o9nW0uBqvEo"",""7lQXYl_L28w"",""7lQXYl_L28w"",""o9nW0uBqvEo""]","[475.86,80.55,142.04,530.14,468.66,198.599,2687.78,738.06,639.3,2635.73]","[530.14,144.96,198.599,583.8,527.56,252.75,2748.11,787.56,683.629,2687.78]","[true,false,true,false,false,true,false,false,false,false]","[[2],[],[1],[],[],[1],[],[],[],[]]",
mit60001_dense_304f7bc8ee6b2b73,fixed_wp240_o48_v1,mit60001-q-038,How does the requirement for sorted input distinguish binary search from linear search?,confusable,2,"[""6LOwPhPDwVc""]",548,4,0.25,4,0,0,0.0,0,0,0,0.0,0,1,2,1.0,1,1,2,1.0,1,"[""7lQXYl_L28w:fixed_wp240_o48_v1:8"",""6LOwPhPDwVc:fixed_wp240_o48_v1:8"",""o9nW0uBqvEo:fixed_wp240_o48_v1:45"",""6LOwPhPDwVc:fixed_wp240_o48_v1:2"",""7lQXYl_L28w:fixed_wp240_o48_v1:9"",""6LOwPhPDwVc:fixed_wp240_o48_v1:3"",""o9nW0uBqvEo:fixed_wp240_o48_v1:44"",""6LOwPhPDwVc:fixed_wp240_o48_v1:10"",""6LOwPhPDwVc:fixed_wp240_o48_v1:9"",""6LOwPhPDwVc:fixed_wp240_o48_v1:38""]","[0.62192345,0.57908171,0.51838708,0.5128237,0.49641627,0.45377156,0.45341223,0.44592321,0.43502671,0.4330911]","[""7lQXYl_L28w"",""6LOwPhPDwVc"",""o9nW0uBqvEo"",""6LOwPhPDwVc"",""7lQXYl_L28w"",""6LOwPhPDwVc"",""o9nW0uBqvEo"",""6LOwPhPDwVc"",""6LOwPhPDwVc"",""6LOwPhPDwVc""]","[475.86,468.66,2687.78,142.04,530.14,198.599,2635.73,588.16,527.56,2314.72]","[530.14,527.56,2748.11,198.599,583.8,252.75,2687.78,641.99,588.16,2375.98]","[false,false,false,true,false,true,false,false,false,false]","[[],[],[],[1,2],[],[1],[],[],[],[]]",
mit60001_dense_304f7bc8ee6b2b73,fixed_wp240_o48_v1,mit60001-q-039,How does the course distinguish black-box testing from glass-box testing?,confusable,2,"[""9H6muyZjms0""]",548,1,1.0,2,1,1,0.5,0,1,2,1.0,1,1,2,1.0,1,1,2,1.0,1,"[""9H6muyZjms0:fixed_wp240_o48_v1:9"",""9H6muyZjms0:fixed_wp240_o48_v1:8"",""9H6muyZjms0:fixed_wp240_o48_v1:11"",""9H6muyZjms0:fixed_wp240_o48_v1:10"",""0jljZRnHwOI:fixed_wp240_o48_v1:13"",""9H6muyZjms0:fixed_wp240_o48_v1:6"",""9H6muyZjms0:fixed_wp240_o48_v1:7"",""MjbuarJ7SE0:fixed_wp240_o48_v1:4"",""9H6muyZjms0:fixed_wp240_o48_v1:4"",""0jljZRnHwOI:fixed_wp240_o48_v1:0""]","[0.6734674,0.50694609,0.47724465,0.43173254,0.3203637,0.31243467,0.29429328,0.29161423,0.26813591,0.26251122]","[""9H6muyZjms0"",""9H6muyZjms0"",""9H6muyZjms0"",""9H6muyZjms0"",""0jljZRnHwOI"",""9H6muyZjms0"",""9H6muyZjms0"",""MjbuarJ7SE0"",""9H6muyZjms0"",""0jljZRnHwOI""]","[579.82,511.92,722.394,657.1,977.22,383.22,444.65,282.54,248.15,0.79]","[657.1,579.82,802.47,724.06,1050.65,446.96,511.92,347.68,319.93,82.0]","[true,true,false,false,false,false,true,false,false,false]","[[2],[1],[],[],[],[],[1],[],[],[]]",
mit60001_dense_304f7bc8ee6b2b73,fixed_wp240_o48_v1,mit60001-q-040,How does the course distinguish an exception from an assertion failure?,confusable,1,"[""9H6muyZjms0""]",548,4,0.25,4,0,0,0.0,0,0,0,0.0,0,1,1,1.0,1,1,1,1.0,1,"[""9H6muyZjms0:fixed_wp240_o48_v1:32"",""9H6muyZjms0:fixed_wp240_o48_v1:31"",""9H6muyZjms0:fixed_wp240_o48_v1:19"",""9H6muyZjms0:fixed_wp240_o48_v1:33"",""9H6muyZjms0:fixed_wp240_o48_v1:21"",""9H6muyZjms0:fixed_wp240_o48_v1:22"",""9H6muyZjms0:fixed_wp240_o48_v1:23"",""9H6muyZjms0:fixed_wp240_o48_v1:26"",""9H6muyZjms0:fixed_wp240_o48_v1:8"",""9H6muyZjms0:fixed_wp240_o48_v1:11""]","[0.5526129,0.53321302,0.47230494,0.47070199,0.44158584,0.43655699,0.39092073,0.37008682,0.35528553,0.33966279]","[""9H6muyZjms0"",""9H6muyZjms0"",""9H6muyZjms0"",""9H6muyZjms0"",""9H6muyZjms0"",""9H6muyZjms0"",""9H6muyZjms0"",""9H6muyZjms0"",""9H6muyZjms0"",""9H6muyZjms0""]","[2317.36,2218.38,1284.36,2406.74,1443.59,1534.46,1602.85,1826.24,511.92,722.394]","[2406.74,2317.36,1368.85,2477.28,1534.46,1602.85,1681.031,1907.09,579.82,802.47]","[false,false,false,true,false,false,false,false,false,false]","[[],[],[],[1],[],[],[],[],[],[]]",
mit60001_dense_304f7bc8ee6b2b73,fixed_wp240_o48_v1,mit60001-q-041,How does the course distinguish a class from an instance of that class?,confusable,2,"[""-DP1i2ZU9gk"",""FlGjISF3l78""]",548,2,0.5,14,0,0,0.0,0,1,1,0.5,0,1,1,0.5,0,1,1,0.5,0,"[""vqn_yk5aFcI:fixed_wp240_o48_v1:0"",""-DP1i2ZU9gk:fixed_wp240_o48_v1:8"",""8s0d87sjy1A:fixed_wp240_o48_v1:0"",""FlGjISF3l78:fixed_wp240_o48_v1:31"",""FlGjISF3l78:fixed_wp240_o48_v1:3"",""-DP1i2ZU9gk:fixed_wp240_o48_v1:25"",""-DP1i2ZU9gk:fixed_wp240_o48_v1:9"",""FlGjISF3l78:fixed_wp240_o48_v1:1"",""FlGjISF3l78:fixed_wp240_o48_v1:7"",""FlGjISF3l78:fixed_wp240_o48_v1:32""]","[0.53165722,0.49279249,0.46505141,0.44979542,0.44532046,0.44402778,0.44169113,0.42755383,0.41970438,0.41766021]","[""vqn_yk5aFcI"",""-DP1i2ZU9gk"",""8s0d87sjy1A"",""FlGjISF3l78"",""FlGjISF3l78"",""-DP1i2ZU9gk"",""-DP1i2ZU9gk"",""FlGjISF3l78"",""FlGjISF3l78"",""FlGjISF3l78""]","[0.79,577.38,0.69,2119.02,229.06,1854.24,650.24,83.06,544.77,2187.89]","[48.957,650.24,78.6,2191.8,308.2,1946.11,723.98,157.8,606.486,2261.0]","[false,true,false,false,false,false,false,false,false,false]","[[],[1],[],[],[],[],[],[],[],[]]",
mit60001_dense_304f7bc8ee6b2b73,semantic_cosine_wp240_v1,mit60001-q-001,"According to the course introduction, what learning goals are introduced for students?",factual,4,"[""nykOeWgQcHM"",""6LOwPhPDwVc""]",861,1,1.0,10,1,1,0.25,0,1,2,0.5,0,1,3,0.75,0,1,4,1.0,1,"[""nykOeWgQcHM:semantic_cosine_wp240_v1:6"",""nykOeWgQcHM:semantic_cosine_wp240_v1:3"",""nykOeWgQcHM:semantic_cosine_wp240_v1:7"",""nykOeWgQcHM:semantic_cosine_wp240_v1:5"",""nykOeWgQcHM:semantic_cosine_wp240_v1:12"",""o9nW0uBqvEo:semantic_cosine_wp240_v1:0"",""nykOeWgQcHM:semantic_cosine_wp240_v1:8"",""9H6muyZjms0:semantic_cosine_wp240_v1:0"",""2__KumJsGXc:semantic_cosine_wp240_v1:0"",""6LOwPhPDwVc:semantic_cosine_wp240_v1:77""]","[0.45026976,0.4196167,0.40323442,0.3892127,0.35478374,0.35360771,0.34288538,0.3417058,0.3403247,0.34014621]","[""nykOeWgQcHM"",""nykOeWgQcHM"",""nykOeWgQcHM"",""nykOeWgQcHM"",""nykOeWgQcHM"",""o9nW0uBqvEo"",""nykOeWgQcHM"",""9H6muyZjms0"",""2__KumJsGXc"",""6LOwPhPDwVc""]","[261.01,127.42,306.07,215.39,524.32,0.79,350.57,0.79,0.79,2879.52]","[306.07,166.72,350.57,261.01,560.77,55.1,375.68,44.1,36.61,2903.75]","[true,true,false,true,false,false,false,false,false,true]","[[3],[1],[],[2,3],[],[],[],[],[],[4]]",
mit60001_dense_304f7bc8ee6b2b73,semantic_cosine_wp240_v1,mit60001-q-002,What does the course say students should do to practice programming effectively?,factual,2,"[""nykOeWgQcHM""]",861,4,0.25,4,0,0,0.0,0,0,0,0.0,0,1,2,1.0,1,1,2,1.0,1,"[""nykOeWgQcHM:semantic_cosine_wp240_v1:7"",""nykOeWgQcHM:semantic_cosine_wp240_v1:6"",""nykOeWgQcHM:semantic_cosine_wp240_v1:5"",""nykOeWgQcHM:semantic_cosine_wp240_v1:3"",""nykOeWgQcHM:semantic_cosine_wp240_v1:8"",""nykOeWgQcHM:semantic_cosine_wp240_v1:4"",""nykOeWgQcHM:semantic_cosine_wp240_v1:2"",""-DP1i2ZU9gk:semantic_cosine_wp240_v1:0"",""MjbuarJ7SE0:semantic_cosine_wp240_v1:5"",""MjbuarJ7SE0:semantic_cosine_wp240_v1:24""]","[0.63967401,0.60229814,0.57399601,0.5258621,0.51018894,0.4597114,0.44794807,0.4353157,0.42804447,0.41043955]","[""nykOeWgQcHM"",""nykOeWgQcHM"",""nykOeWgQcHM"",""nykOeWgQcHM"",""nykOeWgQcHM"",""nykOeWgQcHM"",""nykOeWgQcHM"",""-DP1i2ZU9gk"",""MjbuarJ7SE0"",""MjbuarJ7SE0""]","[306.07,261.01,215.39,127.42,350.57,166.72,84.85,0.79,207.02,1074.15]","[350.57,306.07,261.01,166.72,375.68,211.23,127.42,58.21,247.841,1115.65]","[false,false,false,true,false,true,false,false,false,false]","[[],[],[],[1,2],[],[2],[],[],[],[]]",
mit60001_dense_304f7bc8ee6b2b73,semantic_cosine_wp240_v1,mit60001-q-003,How does Python use variable names in different scopes?,concept_explanation,1,"[""MjbuarJ7SE0""]",861,1,1.0,1,1,1,1.0,1,1,1,1.0,1,1,1,1.0,1,1,1,1.0,1,"[""MjbuarJ7SE0:semantic_cosine_wp240_v1:41"",""MjbuarJ7SE0:semantic_cosine_wp240_v1:21"",""MjbuarJ7SE0:semantic_cosine_wp240_v1:42"",""MjbuarJ7SE0:semantic_cosine_wp240_v1:51"",""MjbuarJ7SE0:semantic_cosine_wp240_v1:50"",""MjbuarJ7SE0:semantic_cosine_wp240_v1:25"",""MjbuarJ7SE0:semantic_cosine_wp240_v1:36"",""WPSeyjX1-4s:semantic_cosine_wp240_v1:17"",""FlGjISF3l78:semantic_cosine_wp240_v1:4"",""MjbuarJ7SE0:semantic_cosine_wp240_v1:43""]","[0.74052978,0.62330055,0.62177235,0.60432994,0.59179282,0.59100914,0.5889492,0.58161163,0.57704747,0.57416046]","[""MjbuarJ7SE0"",""MjbuarJ7SE0"",""MjbuarJ7SE0"",""MjbuarJ7SE0"",""MjbuarJ7SE0"",""MjbuarJ7SE0"",""MjbuarJ7SE0"",""WPSeyjX1-4s"",""FlGjISF3l78"",""MjbuarJ7SE0""]","[1837.76,913.58,1885.249,2288.64,2219.53,1115.65,1610.01,639.9,204.45,1927.89]","[1885.249,976.88,1927.89,2328.82,2288.64,1171.651,1652.26,668.82,239.89,1965.15]","[true,false,true,false,false,false,false,false,false,false]","[[1],[],[1],[],[],[],[],[],[],[]]",
mit60001_dense_304f7bc8ee6b2b73,semantic_cosine_wp240_v1,mit60001-q-004,What is the difference between assignment (=) and equality (==) in Python?,concept_explanation,1,"[""0jljZRnHwOI""]",861,17,0.058823529,17,0,0,0.0,0,0,0,0.0,0,0,0,0.0,0,0,0,0.0,0,"[""nykOeWgQcHM:semantic_cosine_wp240_v1:53"",""0jljZRnHwOI:semantic_cosine_wp240_v1:31"",""0jljZRnHwOI:semantic_cosine_wp240_v1:32"",""MjbuarJ7SE0:semantic_cosine_wp240_v1:42"",""RvRKT-jXvko:semantic_cosine_wp240_v1:25"",""RvRKT-jXvko:semantic_cosine_wp240_v1:24"",""-DP1i2ZU9gk:semantic_cosine_wp240_v1:35"",""RvRKT-jXvko:semantic_cosine_wp240_v1:8"",""0jljZRnHwOI:semantic_cosine_wp240_v1:37"",""0jljZRnHwOI:semantic_cosine_wp240_v1:3""]","[0.6762619,0.62427723,0.59967524,0.57684958,0.55748808,0.54102939,0.53855306,0.53070062,0.51976907,0.51858079]","[""nykOeWgQcHM"",""0jljZRnHwOI"",""0jljZRnHwOI"",""MjbuarJ7SE0"",""RvRKT-jXvko"",""RvRKT-jXvko"",""-DP1i2ZU9gk"",""RvRKT-jXvko"",""0jljZRnHwOI"",""0jljZRnHwOI""]","[2365.69,1455.84,1513.51,1885.249,1049.77,1009.75,1594.11,338.31,1743.91,156.387]","[2400.25,1513.51,1582.76,1927.89,1112.0,1049.77,1634.24,369.5,1778.09,198.64]","[false,false,false,false,false,false,false,false,false,false]","[[],[],[],[],[],[],[],[],[],[]]",
mit60001_dense_304f7bc8ee6b2b73,semantic_cosine_wp240_v1,mit60001-q-005,"According to the course, why does a recursive function require a base case?",concept_explanation,1,"[""WPSeyjX1-4s""]",861,2,0.5,2,0,0,0.0,0,1,1,1.0,1,1,1,1.0,1,1,1,1.0,1,"[""WPSeyjX1-4s:semantic_cosine_wp240_v1:33"",""WPSeyjX1-4s:semantic_cosine_wp240_v1:8"",""WPSeyjX1-4s:semantic_cosine_wp240_v1:15"",""WPSeyjX1-4s:semantic_cosine_wp240_v1:41"",""WPSeyjX1-4s:semantic_cosine_wp240_v1:22"",""WPSeyjX1-4s:semantic_cosine_wp240_v1:2"",""6LOwPhPDwVc:semantic_cosine_wp240_v1:77"",""WPSeyjX1-4s:semantic_cosine_wp240_v1:7"",""7lQXYl_L28w:semantic_cosine_wp240_v1:58"",""6LOwPhPDwVc:semantic_cosine_wp240_v1:71""]","[0.60283113,0.59281111,0.57747614,0.53934956,0.50985962,0.50805682,0.48721367,0.48474431,0.47629791,0.46954829]","[""WPSeyjX1-4s"",""WPSeyjX1-4s"",""WPSeyjX1-4s"",""WPSeyjX1-4s"",""WPSeyjX1-4s"",""WPSeyjX1-4s"",""6LOwPhPDwVc"",""WPSeyjX1-4s"",""7lQXYl_L28w"",""6LOwPhPDwVc""]","[1167.69,308.1,558.97,1444.97,809.87,102.36,2879.52,278.22,1994.918,2648.12]","[1200.487,330.45,598.72,1488.046,855.45,143.43,2903.75,308.1,2028.0,2683.145]","[false,true,false,false,false,false,false,true,false,false]","[[],[1],[],[],[],[],[],[1],[],[]]",
mit60001_dense_304f7bc8ee6b2b73,semantic_cosine_wp240_v1,mit60001-q-006,"According to the lecture, how is the efficiency of an algorithm explained?",concept_explanation,1,"[""o9nW0uBqvEo""]",861,1,1.0,1,1,1,1.0,1,1,1,1.0,1,1,1,1.0,1,1,1,1.0,1,"[""o9nW0uBqvEo:semantic_cosine_wp240_v1:14"",""o9nW0uBqvEo:semantic_cosine_wp240_v1:13"",""SE4P7IVCunE:semantic_cosine_wp240_v1:28"",""o9nW0uBqvEo:semantic_cosine_wp240_v1:10"",""o9nW0uBqvEo:semantic_cosine_wp240_v1:12"",""7lQXYl_L28w:semantic_cosine_wp240_v1:11"",""o9nW0uBqvEo:semantic_cosine_wp240_v1:19"",""7lQXYl_L28w:semantic_cosine_wp240_v1:81"",""7lQXYl_L28w:semantic_cosine_wp240_v1:37"",""6LOwPhPDwVc:semantic_cosine_wp240_v1:0""]","[0.62421066,0.6010201,0.60051489,0.59497017,0.58645076,0.54432809,0.53716224,0.53459287,0.53203529,0.52620655]","[""o9nW0uBqvEo"",""o9nW0uBqvEo"",""SE4P7IVCunE"",""o9nW0uBqvEo"",""o9nW0uBqvEo"",""7lQXYl_L28w"",""o9nW0uBqvEo"",""7lQXYl_L28w"",""7lQXYl_L28w"",""6LOwPhPDwVc""]","[560.39,509.53,1298.006,413.91,479.02,409.4,789.19,2799.48,1216.93,0.79]","[609.065,560.39,1339.95,445.955,509.53,437.41,818.77,2831.31,1242.54,54.0]","[true,true,false,false,false,false,false,false,false,false]","[[1],[1],[],[],[],[],[],[],[],[]]",
mit60001_dense_304f7bc8ee6b2b73,semantic_cosine_wp240_v1,mit60001-q-007,What value is bound to a name after an assignment statement is evaluated?,code_behavior,1,"[""nykOeWgQcHM""]",861,6,0.166666667,6,0,0,0.0,0,0,0,0.0,0,0,0,0.0,0,1,1,1.0,1,"[""nykOeWgQcHM:semantic_cosine_wp240_v1:53"",""WPSeyjX1-4s:semantic_cosine_wp240_v1:17"",""nykOeWgQcHM:semantic_cosine_wp240_v1:54"",""2__KumJsGXc:semantic_cosine_wp240_v1:1"",""MjbuarJ7SE0:semantic_cosine_wp240_v1:42"",""nykOeWgQcHM:semantic_cosine_wp240_v1:49"",""RvRKT-jXvko:semantic_cosine_wp240_v1:25"",""MjbuarJ7SE0:semantic_cosine_wp240_v1:41"",""MjbuarJ7SE0:semantic_cosine_wp240_v1:50"",""nykOeWgQcHM:semantic_cosine_wp240_v1:51""]","[0.5289821,0.50988829,0.48390615,0.44785899,0.44680604,0.44353664,0.43961686,0.43480277,0.43388814,0.43332437]","[""nykOeWgQcHM"",""WPSeyjX1-4s"",""nykOeWgQcHM"",""2__KumJsGXc"",""MjbuarJ7SE0"",""nykOeWgQcHM"",""RvRKT-jXvko"",""MjbuarJ7SE0"",""MjbuarJ7SE0"",""nykOeWgQcHM""]","[2365.69,639.9,2403.16,36.61,1885.249,2167.05,1049.77,1837.76,2219.53,2274.34]","[2400.25,668.82,2461.3,67.24,1927.89,2233.09,1112.0,1885.249,2288.64,2329.09]","[false,false,false,false,false,true,false,false,false,false]","[[],[],[],[],[],[1],[],[],[],[]]",
mit60001_dense_304f7bc8ee6b2b73,semantic_cosine_wp240_v1,mit60001-q-008,Why can rebinding a variable name leave the previous object unchanged?,code_behavior,2,"[""nykOeWgQcHM"",""SE4P7IVCunE""]",861,2,0.5,22,0,0,0.0,0,1,1,0.5,0,1,1,0.5,0,1,1,0.5,0,"[""MjbuarJ7SE0:semantic_cosine_wp240_v1:41"",""nykOeWgQcHM:semantic_cosine_wp240_v1:55"",""FlGjISF3l78:semantic_cosine_wp240_v1:57"",""SE4P7IVCunE:semantic_cosine_wp240_v1:16"",""RvRKT-jXvko:semantic_cosine_wp240_v1:49"",""0jljZRnHwOI:semantic_cosine_wp240_v1:4"",""FlGjISF3l78:semantic_cosine_wp240_v1:55"",""FlGjISF3l78:semantic_cosine_wp240_v1:26"",""MjbuarJ7SE0:semantic_cosine_wp240_v1:52"",""MjbuarJ7SE0:semantic_cosine_wp240_v1:53""]","[0.50850785,0.50183249,0.50179362,0.48385242,0.45788276,0.44830441,0.43329811,0.42991012,0.42501003,0.41892242]","[""MjbuarJ7SE0"",""nykOeWgQcHM"",""FlGjISF3l78"",""SE4P7IVCunE"",""RvRKT-jXvko"",""0jljZRnHwOI"",""FlGjISF3l78"",""FlGjISF3l78"",""MjbuarJ7SE0"",""MjbuarJ7SE0""]","[1837.76,2461.3,2368.62,744.57,2061.969,198.64,2281.52,1167.61,2328.82,2381.156]","[1885.249,2508.06,2428.15,781.88,2105.64,237.25,2330.06,1205.01,2381.156,2415.185]","[false,true,false,false,false,false,false,false,false,false]","[[],[1],[],[],[],[],[],[],[],[]]",
mit60001_dense_304f7bc8ee6b2b73,semantic_cosine_wp240_v1,mit60001-q-009,"According to the course, how are local variables created and used during a function call?",code_behavior,1,"[""MjbuarJ7SE0""]",861,1,1.0,1,1,1,1.0,1,1,1,1.0,1,1,1,1.0,1,1,1,1.0,1,"[""MjbuarJ7SE0:semantic_cosine_wp240_v1:41"",""MjbuarJ7SE0:semantic_cosine_wp240_v1:45"",""MjbuarJ7SE0:semantic_cosine_wp240_v1:22"",""MjbuarJ7SE0:semantic_cosine_wp240_v1:19"",""MjbuarJ7SE0:semantic_cosine_wp240_v1:35"",""MjbuarJ7SE0:semantic_cosine_wp240_v1:49"",""-DP1i2ZU9gk:semantic_cosine_wp240_v1:27"",""-DP1i2ZU9gk:semantic_cosine_wp240_v1:21"",""MjbuarJ7SE0:semantic_cosine_wp240_v1:23"",""MjbuarJ7SE0:semantic_cosine_wp240_v1:24""]","[0.62115586,0.57884818,0.57795382,0.55144298,0.54616266,0.54391038,0.52360511,0.5203445,0.50615644,0.50489253]","[""MjbuarJ7SE0"",""MjbuarJ7SE0"",""MjbuarJ7SE0"",""MjbuarJ7SE0"",""MjbuarJ7SE0"",""MjbuarJ7SE0"",""-DP1i2ZU9gk"",""-DP1i2ZU9gk"",""MjbuarJ7SE0"",""MjbuarJ7SE0""]","[1837.76,2004.0,976.88,824.17,1569.32,2167.32,1237.35,917.59,1028.079,1074.15]","[1885.249,2047.88,1028.079,867.35,1610.01,2219.53,1293.79,954.54,1074.15,1115.65]","[true,false,false,false,false,false,false,false,false,false]","[[1],[],[],[],[],[],[],[],[],[]]",
mit60001_dense_304f7bc8ee6b2b73,semantic_cosine_wp240_v1,mit60001-q-010,What is the difference between mutable and immutable objects?,confusable,1,"[""RvRKT-jXvko""]",861,12,0.083333333,12,0,0,0.0,0,0,0,0.0,0,0,0,0.0,0,0,0,0.0,0,"[""RvRKT-jXvko:semantic_cosine_wp240_v1:2"",""RvRKT-jXvko:semantic_cosine_wp240_v1:48"",""RvRKT-jXvko:semantic_cosine_wp240_v1:43"",""RvRKT-jXvko:semantic_cosine_wp240_v1:44"",""WPSeyjX1-4s:semantic_cosine_wp240_v1:1"",""RvRKT-jXvko:semantic_cosine_wp240_v1:24"",""-DP1i2ZU9gk:semantic_cosine_wp240_v1:6"",""WPSeyjX1-4s:semantic_cosine_wp240_v1:65"",""-DP1i2ZU9gk:semantic_cosine_wp240_v1:3"",""SE4P7IVCunE:semantic_cosine_wp240_v1:13""]","[0.56604707,0.53874242,0.52488363,0.4447428,0.43061721,0.40145403,0.38420266,0.38302183,0.37517944,0.36922339]","[""RvRKT-jXvko"",""RvRKT-jXvko"",""RvRKT-jXvko"",""RvRKT-jXvko"",""WPSeyjX1-4s"",""RvRKT-jXvko"",""-DP1i2ZU9gk"",""WPSeyjX1-4s"",""-DP1i2ZU9gk"",""SE4P7IVCunE""]","[98.11,2033.64,1818.84,1883.55,53.07,1009.75,262.83,2356.74,141.32,638.892]","[134.64,2061.969,1883.55,1919.62,102.36,1049.77,296.99,2396.42,170.15,677.574]","[false,false,false,false,false,false,false,false,false,false]","[[],[],[],[],[],[],[],[],[],[]]",
mit60001_dense_304f7bc8ee6b2b73,semantic_cosine_wp240_v1,mit60001-q-014,What is the difference between a Python list and a dictionary?,concept_explanation,1,"[""WPSeyjX1-4s""]",861,30,0.033333333,30,0,0,0.0,0,0,0,0.0,0,0,0,0.0,0,0,0,0.0,0,"[""-DP1i2ZU9gk:semantic_cosine_wp240_v1:7"",""WPSeyjX1-4s:semantic_cosine_wp240_v1:70"",""RvRKT-jXvko:semantic_cosine_wp240_v1:24"",""WPSeyjX1-4s:semantic_cosine_wp240_v1:59"",""-DP1i2ZU9gk:semantic_cosine_wp240_v1:2"",""-DP1i2ZU9gk:semantic_cosine_wp240_v1:35"",""WPSeyjX1-4s:semantic_cosine_wp240_v1:64"",""-DP1i2ZU9gk:semantic_cosine_wp240_v1:8"",""RvRKT-jXvko:semantic_cosine_wp240_v1:43"",""7lQXYl_L28w:semantic_cosine_wp240_v1:84""]","[0.6275661,0.62366724,0.58087552,0.57847297,0.5774489,0.57150763,0.56315696,0.53834504,0.53326559,0.52786136]","[""-DP1i2ZU9gk"",""WPSeyjX1-4s"",""RvRKT-jXvko"",""WPSeyjX1-4s"",""-DP1i2ZU9gk"",""-DP1i2ZU9gk"",""WPSeyjX1-4s"",""-DP1i2ZU9gk"",""RvRKT-jXvko"",""7lQXYl_L28w""]","[296.99,2537.96,1009.75,2147.04,107.88,1594.11,2317.64,329.03,1818.84,2890.43]","[329.03,2573.17,1049.77,2175.43,141.32,1634.24,2356.74,385.56,1883.55,2919.11]","[false,false,false,false,false,false,false,false,false,false]","[[],[],[],[],[],[],[],[],[],[]]",
mit60001_dense_304f7bc8ee6b2b73,semantic_cosine_wp240_v1,mit60001-q-015,"According to the course, how is using the shell different from using the editor?",factual,1,"[""nykOeWgQcHM""]",861,1,1.0,1,1,1,1.0,1,1,1,1.0,1,1,1,1.0,1,1,1,1.0,1,"[""nykOeWgQcHM:semantic_cosine_wp240_v1:39"",""nykOeWgQcHM:semantic_cosine_wp240_v1:46"",""nykOeWgQcHM:semantic_cosine_wp240_v1:44"",""nykOeWgQcHM:semantic_cosine_wp240_v1:7"",""WPSeyjX1-4s:semantic_cosine_wp240_v1:25"",""9H6muyZjms0:semantic_cosine_wp240_v1:30"",""o9nW0uBqvEo:semantic_cosine_wp240_v1:5"",""nykOeWgQcHM:semantic_cosine_wp240_v1:6"",""Y6J8I056Ffw:semantic_cosine_wp240_v1:0"",""-DP1i2ZU9gk:semantic_cosine_wp240_v1:13""]","[0.47426686,0.41030094,0.34014827,0.33436307,0.32796788,0.31255776,0.31245953,0.30965593,0.30283046,0.30116498]","[""nykOeWgQcHM"",""nykOeWgQcHM"",""nykOeWgQcHM"",""nykOeWgQcHM"",""WPSeyjX1-4s"",""9H6muyZjms0"",""o9nW0uBqvEo"",""nykOeWgQcHM"",""Y6J8I056Ffw"",""-DP1i2ZU9gk""]","[1739.92,2038.296,1951.91,306.07,929.15,1239.99,244.69,261.01,0.79,572.86]","[1791.52,2078.71,2003.16,350.57,957.37,1286.42,291.47,306.07,49.16,618.655]","[true,false,false,false,false,false,false,false,false,false]","[[1],[],[],[],[],[],[],[],[],[]]",
mit60001_dense_304f7bc8ee6b2b73,semantic_cosine_wp240_v1,mit60001-q-016,"According to the course, what does an assertion check in a program?",factual,3,"[""9H6muyZjms0""]",861,1,1.0,3,1,1,0.333333333,0,1,3,1.0,1,1,3,1.0,1,1,3,1.0,1,"[""9H6muyZjms0:semantic_cosine_wp240_v1:51"",""9H6muyZjms0:semantic_cosine_wp240_v1:49"",""9H6muyZjms0:semantic_cosine_wp240_v1:52"",""9H6muyZjms0:semantic_cosine_wp240_v1:50"",""nykOeWgQcHM:semantic_cosine_wp240_v1:25"",""0jljZRnHwOI:semantic_cosine_wp240_v1:29"",""WPSeyjX1-4s:semantic_cosine_wp240_v1:17"",""9H6muyZjms0:semantic_cosine_wp240_v1:31"",""0jljZRnHwOI:semantic_cosine_wp240_v1:25"",""4WtaFLayz_w:semantic_cosine_wp240_v1:6""]","[0.69846094,0.6309005,0.56945908,0.54555351,0.51883769,0.49496073,0.46321169,0.46150422,0.45665535,0.45483625]","[""9H6muyZjms0"",""9H6muyZjms0"",""9H6muyZjms0"",""9H6muyZjms0"",""nykOeWgQcHM"",""0jljZRnHwOI"",""WPSeyjX1-4s"",""9H6muyZjms0"",""0jljZRnHwOI"",""4WtaFLayz_w""]","[2375.75,2235.36,2432.15,2311.12,1102.2,1365.74,639.9,1286.42,1180.19,247.65]","[2432.15,2311.12,2485.26,2372.52,1160.81,1408.47,668.82,1338.42,1233.16,258.5]","[true,true,true,true,false,false,false,false,false,false]","[[2],[1],[3],[1,2],[],[],[],[],[],[]]",
mit60001_dense_304f7bc8ee6b2b73,semantic_cosine_wp240_v1,mit60001-q-017,What does the course say is the purpose of exception handling?,factual,2,"[""9H6muyZjms0""]",861,3,0.333333333,5,0,0,0.0,0,1,1,0.5,0,1,2,1.0,1,1,2,1.0,1,"[""9H6muyZjms0:semantic_cosine_wp240_v1:31"",""9H6muyZjms0:semantic_cosine_wp240_v1:37"",""9H6muyZjms0:semantic_cosine_wp240_v1:41"",""9H6muyZjms0:semantic_cosine_wp240_v1:32"",""9H6muyZjms0:semantic_cosine_wp240_v1:35"",""9H6muyZjms0:semantic_cosine_wp240_v1:38"",""9H6muyZjms0:semantic_cosine_wp240_v1:33"",""nykOeWgQcHM:semantic_cosine_wp240_v1:8"",""9H6muyZjms0:semantic_cosine_wp240_v1:49"",""9H6muyZjms0:semantic_cosine_wp240_v1:50""]","[0.64614534,0.49541238,0.46571487,0.4619723,0.46154773,0.43301329,0.38316101,0.3749021,0.37460703,0.37389523]","[""9H6muyZjms0"",""9H6muyZjms0"",""9H6muyZjms0"",""9H6muyZjms0"",""9H6muyZjms0"",""9H6muyZjms0"",""9H6muyZjms0"",""nykOeWgQcHM"",""9H6muyZjms0"",""9H6muyZjms0""]","[1286.42,1605.09,1799.8,1338.42,1479.98,1670.0,1397.23,350.57,2235.36,2311.12]","[1338.42,1670.0,1872.27,1391.59,1558.59,1717.08,1443.59,375.68,2311.12,2372.52]","[false,false,true,false,true,false,false,false,false,false]","[[],[],[2],[],[1],[],[],[],[],[]]",
mit60001_dense_304f7bc8ee6b2b73,semantic_cosine_wp240_v1,mit60001-q-018,What does black-box testing examine according to the course?,factual,1,"[""9H6muyZjms0""]",861,2,0.5,2,0,0,0.0,0,1,1,1.0,1,1,1,1.0,1,1,1,1.0,1,"[""9H6muyZjms0:semantic_cosine_wp240_v1:15"",""9H6muyZjms0:semantic_cosine_wp240_v1:13"",""9H6muyZjms0:semantic_cosine_wp240_v1:14"",""nykOeWgQcHM:semantic_cosine_wp240_v1:25"",""9H6muyZjms0:semantic_cosine_wp240_v1:9"",""9H6muyZjms0:semantic_cosine_wp240_v1:0"",""9H6muyZjms0:semantic_cosine_wp240_v1:49"",""nykOeWgQcHM:semantic_cosine_wp240_v1:5"",""9H6muyZjms0:semantic_cosine_wp240_v1:11"",""9H6muyZjms0:semantic_cosine_wp240_v1:17""]","[0.57653445,0.51639974,0.44266474,0.37776184,0.37523043,0.37416595,0.34689003,0.34272298,0.34247154,0.33572695]","[""9H6muyZjms0"",""9H6muyZjms0"",""9H6muyZjms0"",""nykOeWgQcHM"",""9H6muyZjms0"",""9H6muyZjms0"",""9H6muyZjms0"",""nykOeWgQcHM"",""9H6muyZjms0"",""9H6muyZjms0""]","[607.15,511.92,556.71,1102.2,356.08,0.79,2235.36,215.39,431.63,704.48]","[665.26,556.71,607.15,1160.81,397.91,44.1,2311.12,261.01,458.82,769.08]","[false,true,false,false,false,false,false,false,false,false]","[[],[1],[],[],[],[],[],[],[],[]]",
mit60001_dense_304f7bc8ee6b2b73,semantic_cosine_wp240_v1,mit60001-q-019,"According to the lecture, what is the goal of bisection search?",factual,1,"[""6LOwPhPDwVc""]",861,1,1.0,1,1,1,1.0,1,1,1,1.0,1,1,1,1.0,1,1,1,1.0,1,"[""6LOwPhPDwVc:semantic_cosine_wp240_v1:2"",""SE4P7IVCunE:semantic_cosine_wp240_v1:53"",""7lQXYl_L28w:semantic_cosine_wp240_v1:13"",""SE4P7IVCunE:semantic_cosine_wp240_v1:52"",""SE4P7IVCunE:semantic_cosine_wp240_v1:29"",""SE4P7IVCunE:semantic_cosine_wp240_v1:47"",""6LOwPhPDwVc:semantic_cosine_wp240_v1:3"",""6LOwPhPDwVc:semantic_cosine_wp240_v1:4"",""6LOwPhPDwVc:semantic_cosine_wp240_v1:8"",""SE4P7IVCunE:semantic_cosine_wp240_v1:54""]","[0.71012068,0.70699447,0.67726964,0.59924686,0.53084648,0.47611514,0.45891234,0.43748939,0.43558595,0.42731762]","[""6LOwPhPDwVc"",""SE4P7IVCunE"",""7lQXYl_L28w"",""SE4P7IVCunE"",""SE4P7IVCunE"",""SE4P7IVCunE"",""6LOwPhPDwVc"",""6LOwPhPDwVc"",""6LOwPhPDwVc"",""SE4P7IVCunE""]","[95.67,2389.06,478.2,2334.462,1339.95,2114.15,144.96,185.54,310.307,2420.97]","[144.96,2420.97,513.1,2386.49,1369.27,2157.275,185.54,225.02,339.16,2466.4]","[true,false,false,false,false,false,false,false,false,false]","[[1],[],[],[],[],[],[],[],[],[]]",
mit60001_dense_304f7bc8ee6b2b73,semantic_cosine_wp240_v1,mit60001-q-020,"How does the lecture use len, indexing, and slicing to inspect or extract parts of a string?",factual,2,"[""SE4P7IVCunE""]",861,1,1.0,3,1,1,0.5,0,1,2,1.0,1,1,2,1.0,1,1,2,1.0,1,"[""SE4P7IVCunE:semantic_cosine_wp240_v1:4"",""SE4P7IVCunE:semantic_cosine_wp240_v1:12"",""SE4P7IVCunE:semantic_cosine_wp240_v1:9"",""SE4P7IVCunE:semantic_cosine_wp240_v1:3"",""SE4P7IVCunE:semantic_cosine_wp240_v1:10"",""SE4P7IVCunE:semantic_cosine_wp240_v1:5"",""SE4P7IVCunE:semantic_cosine_wp240_v1:6"",""SE4P7IVCunE:semantic_cosine_wp240_v1:20"",""RvRKT-jXvko:semantic_cosine_wp240_v1:4"",""MjbuarJ7SE0:semantic_cosine_wp240_v1:1""]","[0.60923719,0.56077111,0.55726361,0.52981186,0.5234772,0.49816164,0.47897005,0.47883791,0.46703857,0.46416399]","[""SE4P7IVCunE"",""SE4P7IVCunE"",""SE4P7IVCunE"",""SE4P7IVCunE"",""SE4P7IVCunE"",""SE4P7IVCunE"",""SE4P7IVCunE"",""SE4P7IVCunE"",""RvRKT-jXvko"",""MjbuarJ7SE0""]","[188.31,592.44,406.48,150.77,466.01,236.05,287.52,907.065,174.92,44.63]","[236.05,638.892,466.01,188.31,527.28,287.52,335.49,948.46,223.66,78.92]","[true,false,true,true,true,false,false,false,false,false]","[[1],[],[2],[1],[2],[],[],[],[],[]]",
mit60001_dense_304f7bc8ee6b2b73,semantic_cosine_wp240_v1,mit60001-q-021,How does the course explain the role of Boolean comparisons in branching?,concept_explanation,1,"[""0jljZRnHwOI""]",861,1,1.0,1,1,1,1.0,1,1,1,1.0,1,1,1,1.0,1,1,1,1.0,1,"[""0jljZRnHwOI:semantic_cosine_wp240_v1:20"",""FlGjISF3l78:semantic_cosine_wp240_v1:64"",""SE4P7IVCunE:semantic_cosine_wp240_v1:28"",""9H6muyZjms0:semantic_cosine_wp240_v1:16"",""0jljZRnHwOI:semantic_cosine_wp240_v1:32"",""9H6muyZjms0:semantic_cosine_wp240_v1:18"",""9H6muyZjms0:semantic_cosine_wp240_v1:17"",""0jljZRnHwOI:semantic_cosine_wp240_v1:31"",""SE4P7IVCunE:semantic_cosine_wp240_v1:1"",""0jljZRnHwOI:semantic_cosine_wp240_v1:29""]","[0.59559476,0.47188708,0.4315446,0.42258,0.41678733,0.41439536,0.40203536,0.40056562,0.39569074,0.38659418]","[""0jljZRnHwOI"",""FlGjISF3l78"",""SE4P7IVCunE"",""9H6muyZjms0"",""0jljZRnHwOI"",""9H6muyZjms0"",""9H6muyZjms0"",""0jljZRnHwOI"",""SE4P7IVCunE"",""0jljZRnHwOI""]","[977.22,2723.83,1298.006,665.26,1513.51,769.08,704.48,1455.84,46.54,1365.74]","[1035.157,2774.41,1339.95,704.48,1582.76,822.81,769.08,1513.51,99.71,1408.47]","[true,false,false,false,false,false,false,false,false,false]","[[1],[],[],[],[],[],[],[],[],[]]",
mit60001_dense_304f7bc8ee6b2b73,semantic_cosine_wp240_v1,mit60001-q-022,Why is a dictionary more suitable than a list for key-value lookup?,concept_explanation,3,"[""WPSeyjX1-4s"",""7lQXYl_L28w""]",861,3,0.333333333,9,0,0,0.0,0,1,1,0.333333333,0,1,1,0.333333333,0,1,3,1.0,1,"[""WPSeyjX1-4s:semantic_cosine_wp240_v1:64"",""WPSeyjX1-4s:semantic_cosine_wp240_v1:59"",""7lQXYl_L28w:semantic_cosine_wp240_v1:84"",""WPSeyjX1-4s:semantic_cosine_wp240_v1:65"",""WPSeyjX1-4s:semantic_cosine_wp240_v1:61"",""WPSeyjX1-4s:semantic_cosine_wp240_v1:70"",""7lQXYl_L28w:semantic_cosine_wp240_v1:85"",""WPSeyjX1-4s:semantic_cosine_wp240_v1:79"",""WPSeyjX1-4s:semantic_cosine_wp240_v1:67"",""WPSeyjX1-4s:semantic_cosine_wp240_v1:66""]","[0.64763308,0.63486886,0.63342452,0.63240063,0.6302951,0.59118927,0.57030153,0.51166457,0.50749975,0.487391]","[""WPSeyjX1-4s"",""WPSeyjX1-4s"",""7lQXYl_L28w"",""WPSeyjX1-4s"",""WPSeyjX1-4s"",""WPSeyjX1-4s"",""7lQXYl_L28w"",""WPSeyjX1-4s"",""WPSeyjX1-4s"",""WPSeyjX1-4s""]","[2317.64,2147.04,2890.43,2356.74,2212.45,2537.96,2919.11,2862.572,2433.0,2396.42]","[2356.74,2175.43,2919.11,2396.42,2242.33,2573.17,2952.358,2893.41,2465.832,2433.0]","[false,false,true,false,false,false,true,false,true,true]","[[],[],[3],[],[],[],[2,3],[],[1],[1]]",
mit60001_dense_304f7bc8ee6b2b73,semantic_cosine_wp240_v1,mit60001-q-023,How does the course explain abstraction when functions are used in a program?,concept_explanation,2,"[""6LOwPhPDwVc"",""MjbuarJ7SE0""]",861,6,0.166666667,12,0,0,0.0,0,0,0,0.0,0,0,0,0.0,0,1,1,0.5,0,"[""RvRKT-jXvko:semantic_cosine_wp240_v1:0"",""MjbuarJ7SE0:semantic_cosine_wp240_v1:54"",""MjbuarJ7SE0:semantic_cosine_wp240_v1:6"",""nykOeWgQcHM:semantic_cosine_wp240_v1:7"",""-DP1i2ZU9gk:semantic_cosine_wp240_v1:11"",""MjbuarJ7SE0:semantic_cosine_wp240_v1:12"",""MjbuarJ7SE0:semantic_cosine_wp240_v1:13"",""nykOeWgQcHM:semantic_cosine_wp240_v1:6"",""-DP1i2ZU9gk:semantic_cosine_wp240_v1:13"",""MjbuarJ7SE0:semantic_cosine_wp240_v1:14""]","[0.58925653,0.57602572,0.5745492,0.56020552,0.53336871,0.53330469,0.53314877,0.52540088,0.52024442,0.51520902]","[""RvRKT-jXvko"",""MjbuarJ7SE0"",""MjbuarJ7SE0"",""nykOeWgQcHM"",""-DP1i2ZU9gk"",""MjbuarJ7SE0"",""MjbuarJ7SE0"",""nykOeWgQcHM"",""-DP1i2ZU9gk"",""MjbuarJ7SE0""]","[0.79,2418.06,247.841,306.07,471.76,499.51,548.63,261.01,572.86,586.27]","[59.487,2460.99,280.32,350.57,525.627,548.63,586.27,306.07,618.655,626.15]","[false,false,false,false,false,true,false,false,false,false]","[[],[],[],[],[],[2],[],[],[],[]]",
mit60001_dense_304f7bc8ee6b2b73,semantic_cosine_wp240_v1,mit60001-q-025,How does the course explain the role of inheritance in object-oriented programming?,concept_explanation,1,"[""FlGjISF3l78""]",861,2,0.5,2,0,0,0.0,0,1,1,1.0,1,1,1,1.0,1,1,1,1.0,1,"[""FlGjISF3l78:semantic_cosine_wp240_v1:1"",""FlGjISF3l78:semantic_cosine_wp240_v1:32"",""FlGjISF3l78:semantic_cosine_wp240_v1:7"",""8s0d87sjy1A:semantic_cosine_wp240_v1:1"",""FlGjISF3l78:semantic_cosine_wp240_v1:38"",""-DP1i2ZU9gk:semantic_cosine_wp240_v1:0"",""FlGjISF3l78:semantic_cosine_wp240_v1:34"",""FlGjISF3l78:semantic_cosine_wp240_v1:31"",""-DP1i2ZU9gk:semantic_cosine_wp240_v1:16"",""-DP1i2ZU9gk:semantic_cosine_wp240_v1:13""]","[0.66098142,0.55627233,0.54861915,0.53997886,0.53362584,0.52785635,0.51774311,0.51185197,0.51025605,0.50881219]","[""FlGjISF3l78"",""FlGjISF3l78"",""FlGjISF3l78"",""8s0d87sjy1A"",""FlGjISF3l78"",""-DP1i2ZU9gk"",""FlGjISF3l78"",""FlGjISF3l78"",""-DP1i2ZU9gk"",""-DP1i2ZU9gk""]","[70.64,1401.684,339.65,54.79,1640.77,0.79,1482.79,1359.91,704.49,572.86]","[114.219,1430.8,372.44,91.98,1687.1,58.21,1537.9,1401.684,741.82,618.655]","[false,true,false,false,false,false,false,true,false,false]","[[],[1],[],[],[],[],[],[1],[],[]]",
mit60001_dense_304f7bc8ee6b2b73,semantic_cosine_wp240_v1,mit60001-q-026,What happens when a list element is accessed using an index?,code_behavior,2,"[""o9nW0uBqvEo"",""-DP1i2ZU9gk""]",861,1,1.0,4,1,1,0.5,0,1,1,0.5,0,1,2,1.0,1,1,2,1.0,1,"[""-DP1i2ZU9gk:semantic_cosine_wp240_v1:8"",""RvRKT-jXvko:semantic_cosine_wp240_v1:23"",""7lQXYl_L28w:semantic_cosine_wp240_v1:16"",""o9nW0uBqvEo:semantic_cosine_wp240_v1:67"",""WPSeyjX1-4s:semantic_cosine_wp240_v1:58"",""6LOwPhPDwVc:semantic_cosine_wp240_v1:5"",""7lQXYl_L28w:semantic_cosine_wp240_v1:20"",""7lQXYl_L28w:semantic_cosine_wp240_v1:84"",""-DP1i2ZU9gk:semantic_cosine_wp240_v1:7"",""o9nW0uBqvEo:semantic_cosine_wp240_v1:34""]","[0.61201906,0.55648112,0.51597357,0.51572359,0.50604159,0.50445247,0.48538429,0.48414055,0.48125839,0.47792405]","[""-DP1i2ZU9gk"",""RvRKT-jXvko"",""7lQXYl_L28w"",""o9nW0uBqvEo"",""WPSeyjX1-4s"",""6LOwPhPDwVc"",""7lQXYl_L28w"",""7lQXYl_L28w"",""-DP1i2ZU9gk"",""o9nW0uBqvEo""]","[329.03,965.16,571.655,2579.93,2104.69,225.02,680.56,2890.43,296.99,1319.322]","[385.56,1009.75,604.2,2622.49,2147.04,258.63,709.92,2919.11,329.03,1359.6]","[true,false,false,true,false,false,false,false,true,false]","[[2],[],[],[1],[],[],[],[],[2],[]]",
mit60001_dense_304f7bc8ee6b2b73,semantic_cosine_wp240_v1,mit60001-q-027,How does a for loop process the characters in a string?,code_behavior,1,"[""SE4P7IVCunE""]",861,3,0.333333333,3,0,0,0.0,0,1,1,1.0,1,1,1,1.0,1,1,1,1.0,1,"[""SE4P7IVCunE:semantic_cosine_wp240_v1:17"",""zYVWQpCitKQ:semantic_cosine_wp240_v1:1"",""SE4P7IVCunE:semantic_cosine_wp240_v1:21"",""SE4P7IVCunE:semantic_cosine_wp240_v1:3"",""SE4P7IVCunE:semantic_cosine_wp240_v1:4"",""SE4P7IVCunE:semantic_cosine_wp240_v1:23"",""4WtaFLayz_w:semantic_cosine_wp240_v1:1"",""SE4P7IVCunE:semantic_cosine_wp240_v1:19"",""MjbuarJ7SE0:semantic_cosine_wp240_v1:1"",""0jljZRnHwOI:semantic_cosine_wp240_v1:6""]","[0.60086536,0.59455287,0.59405643,0.58605385,0.57069397,0.56537944,0.56162727,0.55694157,0.54587007,0.53932208]","[""SE4P7IVCunE"",""zYVWQpCitKQ"",""SE4P7IVCunE"",""SE4P7IVCunE"",""SE4P7IVCunE"",""SE4P7IVCunE"",""4WtaFLayz_w"",""SE4P7IVCunE"",""MjbuarJ7SE0"",""0jljZRnHwOI""]","[781.88,54.12,948.46,150.77,188.31,1059.32,40.666,861.83,44.63,292.85]","[825.94,94.96,1010.92,188.31,236.05,1089.22,67.931,907.065,78.92,333.5]","[false,false,true,false,false,false,false,false,false,false]","[[],[],[1],[],[],[],[],[],[],[]]",
mit60001_dense_304f7bc8ee6b2b73,semantic_cosine_wp240_v1,mit60001-q-029,How does a function return a value to its caller?,code_behavior,1,"[""MjbuarJ7SE0""]",861,2,0.5,2,0,0,0.0,0,1,1,1.0,1,1,1,1.0,1,1,1,1.0,1,"[""MjbuarJ7SE0:semantic_cosine_wp240_v1:27"",""MjbuarJ7SE0:semantic_cosine_wp240_v1:20"",""MjbuarJ7SE0:semantic_cosine_wp240_v1:21"",""MjbuarJ7SE0:semantic_cosine_wp240_v1:16"",""MjbuarJ7SE0:semantic_cosine_wp240_v1:22"",""MjbuarJ7SE0:semantic_cosine_wp240_v1:37"",""MjbuarJ7SE0:semantic_cosine_wp240_v1:23"",""MjbuarJ7SE0:semantic_cosine_wp240_v1:36"",""MjbuarJ7SE0:semantic_cosine_wp240_v1:29"",""MjbuarJ7SE0:semantic_cosine_wp240_v1:26""]","[0.65063053,0.63251448,0.57477963,0.57101452,0.55582875,0.55366886,0.55215544,0.55086684,0.5273068,0.51558667]","[""MjbuarJ7SE0"",""MjbuarJ7SE0"",""MjbuarJ7SE0"",""MjbuarJ7SE0"",""MjbuarJ7SE0"",""MjbuarJ7SE0"",""MjbuarJ7SE0"",""MjbuarJ7SE0"",""MjbuarJ7SE0"",""MjbuarJ7SE0""]","[1203.66,867.35,913.58,673.257,976.88,1652.26,1028.079,1610.01,1310.29,1171.651]","[1258.52,913.58,976.88,730.18,1028.079,1702.59,1074.15,1652.26,1365.27,1203.66]","[false,true,true,false,false,false,false,false,false,false]","[[],[1],[1],[],[],[],[],[],[],[]]",
mit60001_dense_304f7bc8ee6b2b73,semantic_cosine_wp240_v1,mit60001-q-030,What role does self play when a method is called on an object?,code_behavior,2,"[""-DP1i2ZU9gk""]",861,1,1.0,2,1,1,0.5,0,1,2,1.0,1,1,2,1.0,1,1,2,1.0,1,"[""-DP1i2ZU9gk:semantic_cosine_wp240_v1:21"",""-DP1i2ZU9gk:semantic_cosine_wp240_v1:22"",""FlGjISF3l78:semantic_cosine_wp240_v1:5"",""WPSeyjX1-4s:semantic_cosine_wp240_v1:7"",""FlGjISF3l78:semantic_cosine_wp240_v1:3"",""FlGjISF3l78:semantic_cosine_wp240_v1:39"",""-DP1i2ZU9gk:semantic_cosine_wp240_v1:24"",""-DP1i2ZU9gk:semantic_cosine_wp240_v1:34"",""-DP1i2ZU9gk:semantic_cosine_wp240_v1:28"",""-DP1i2ZU9gk:semantic_cosine_wp240_v1:25""]","[0.64769745,0.59968829,0.58524549,0.54760122,0.53446507,0.52129906,0.51155138,0.48152354,0.47763109,0.47455269]","[""-DP1i2ZU9gk"",""-DP1i2ZU9gk"",""FlGjISF3l78"",""WPSeyjX1-4s"",""FlGjISF3l78"",""FlGjISF3l78"",""-DP1i2ZU9gk"",""-DP1i2ZU9gk"",""-DP1i2ZU9gk"",""-DP1i2ZU9gk""]","[917.59,954.54,239.89,278.22,167.28,1687.1,1080.34,1557.62,1293.79,1141.94]","[954.54,1013.37,284.37,308.1,204.45,1716.17,1139.38,1594.11,1351.11,1189.74]","[true,true,false,false,false,false,false,false,false,false]","[[2],[1,2],[],[],[],[],[],[],[],[]]",
mit60001_dense_304f7bc8ee6b2b73,semantic_cosine_wp240_v1,mit60001-q-031,What happens when a list is mutated through one of several aliases?,code_behavior,2,"[""RvRKT-jXvko""]",861,3,0.333333333,5,0,0,0.0,0,1,1,0.5,0,1,2,1.0,1,1,2,1.0,1,"[""RvRKT-jXvko:semantic_cosine_wp240_v1:47"",""RvRKT-jXvko:semantic_cosine_wp240_v1:37"",""RvRKT-jXvko:semantic_cosine_wp240_v1:49"",""RvRKT-jXvko:semantic_cosine_wp240_v1:33"",""RvRKT-jXvko:semantic_cosine_wp240_v1:44"",""RvRKT-jXvko:semantic_cosine_wp240_v1:27"",""RvRKT-jXvko:semantic_cosine_wp240_v1:43"",""SrkqbLOQcEo:semantic_cosine_wp240_v1:1"",""SrkqbLOQcEo:semantic_cosine_wp240_v1:3"",""WPSeyjX1-4s:semantic_cosine_wp240_v1:1""]","[0.64767075,0.63116598,0.5633269,0.54920876,0.53193498,0.5067091,0.49601167,0.48582494,0.48568997,0.47223973]","[""RvRKT-jXvko"",""RvRKT-jXvko"",""RvRKT-jXvko"",""RvRKT-jXvko"",""RvRKT-jXvko"",""RvRKT-jXvko"",""RvRKT-jXvko"",""SrkqbLOQcEo"",""SrkqbLOQcEo"",""WPSeyjX1-4s""]","[1995.16,1583.85,2061.969,1430.22,1883.55,1168.32,1818.84,53.41,119.24,53.07]","[2033.64,1629.99,2105.64,1465.63,1919.62,1216.54,1883.55,85.35,169.75,102.36]","[false,false,true,false,true,false,true,false,false,false]","[[],[],[1],[],[2],[],[2],[],[],[]]",
mit60001_dense_304f7bc8ee6b2b73,semantic_cosine_wp240_v1,mit60001-q-032,What happens when an exception is raised and no matching handler is used?,code_behavior,2,"[""9H6muyZjms0""]",861,3,0.333333333,4,0,0,0.0,0,1,1,0.5,0,1,2,1.0,1,1,2,1.0,1,"[""9H6muyZjms0:semantic_cosine_wp240_v1:31"",""9H6muyZjms0:semantic_cosine_wp240_v1:37"",""9H6muyZjms0:semantic_cosine_wp240_v1:41"",""9H6muyZjms0:semantic_cosine_wp240_v1:35"",""9H6muyZjms0:semantic_cosine_wp240_v1:32"",""9H6muyZjms0:semantic_cosine_wp240_v1:38"",""9H6muyZjms0:semantic_cosine_wp240_v1:33"",""9H6muyZjms0:semantic_cosine_wp240_v1:34"",""9H6muyZjms0:semantic_cosine_wp240_v1:51"",""6LOwPhPDwVc:semantic_cosine_wp240_v1:27""]","[0.4688254,0.43308502,0.4193334,0.40925062,0.39561224,0.37368897,0.32516098,0.32045454,0.29322216,0.25470126]","[""9H6muyZjms0"",""9H6muyZjms0"",""9H6muyZjms0"",""9H6muyZjms0"",""9H6muyZjms0"",""9H6muyZjms0"",""9H6muyZjms0"",""9H6muyZjms0"",""9H6muyZjms0"",""6LOwPhPDwVc""]","[1286.42,1605.09,1799.8,1479.98,1338.42,1670.0,1397.23,1443.59,2375.75,919.32]","[1338.42,1670.0,1872.27,1558.59,1391.59,1717.08,1443.59,1479.98,2432.15,952.23]","[false,false,true,true,false,false,true,true,false,false]","[[],[],[2],[1],[],[],[1],[1],[],[]]",
mit60001_dense_304f7bc8ee6b2b73,semantic_cosine_wp240_v1,mit60001-q-033,How does the course connect decomposition and abstraction when building programs with functions?,multi_chunk,1,"[""MjbuarJ7SE0""]",861,2,0.5,2,0,0,0.0,0,1,1,1.0,1,1,1,1.0,1,1,1,1.0,1,"[""RvRKT-jXvko:semantic_cosine_wp240_v1:0"",""MjbuarJ7SE0:semantic_cosine_wp240_v1:13"",""MjbuarJ7SE0:semantic_cosine_wp240_v1:54"",""MjbuarJ7SE0:semantic_cosine_wp240_v1:12"",""MjbuarJ7SE0:semantic_cosine_wp240_v1:6"",""9H6muyZjms0:semantic_cosine_wp240_v1:6"",""nykOeWgQcHM:semantic_cosine_wp240_v1:7"",""nykOeWgQcHM:semantic_cosine_wp240_v1:6"",""-DP1i2ZU9gk:semantic_cosine_wp240_v1:11"",""MjbuarJ7SE0:semantic_cosine_wp240_v1:11""]","[0.69880611,0.64186931,0.63102221,0.61642092,0.60700858,0.60421628,0.58462334,0.56275326,0.55805469,0.54890114]","[""RvRKT-jXvko"",""MjbuarJ7SE0"",""MjbuarJ7SE0"",""MjbuarJ7SE0"",""MjbuarJ7SE0"",""9H6muyZjms0"",""nykOeWgQcHM"",""nykOeWgQcHM"",""-DP1i2ZU9gk"",""MjbuarJ7SE0""]","[0.79,548.63,2418.06,499.51,247.841,241.47,306.07,261.01,471.76,456.82]","[59.487,586.27,2460.99,548.63,280.32,281.25,350.57,306.07,525.627,499.51]","[false,true,false,false,false,false,false,false,false,false]","[[],[1],[],[],[],[],[],[],[],[]]",
mit60001_dense_304f7bc8ee6b2b73,semantic_cosine_wp240_v1,mit60001-q-034,How does the course connect testing and debugging when finding program errors?,multi_chunk,2,"[""9H6muyZjms0""]",861,2,0.5,5,0,0,0.0,0,1,1,0.5,0,1,2,1.0,1,1,2,1.0,1,"[""9H6muyZjms0:semantic_cosine_wp240_v1:31"",""9H6muyZjms0:semantic_cosine_wp240_v1:25"",""9H6muyZjms0:semantic_cosine_wp240_v1:20"",""9H6muyZjms0:semantic_cosine_wp240_v1:22"",""9H6muyZjms0:semantic_cosine_wp240_v1:7"",""9H6muyZjms0:semantic_cosine_wp240_v1:11"",""4WtaFLayz_w:semantic_cosine_wp240_v1:6"",""nykOeWgQcHM:semantic_cosine_wp240_v1:35"",""9H6muyZjms0:semantic_cosine_wp240_v1:9"",""9H6muyZjms0:semantic_cosine_wp240_v1:28""]","[0.54773521,0.51795828,0.50825918,0.477332,0.47128499,0.46506423,0.45371506,0.44291827,0.43791029,0.43433988]","[""9H6muyZjms0"",""9H6muyZjms0"",""9H6muyZjms0"",""9H6muyZjms0"",""9H6muyZjms0"",""9H6muyZjms0"",""4WtaFLayz_w"",""nykOeWgQcHM"",""9H6muyZjms0"",""9H6muyZjms0""]","[1286.42,1035.339,863.12,933.37,281.25,431.63,247.65,1559.89,356.08,1174.48]","[1338.42,1093.9,899.87,957.667,325.57,458.82,258.5,1597.719,397.91,1208.4]","[false,true,false,false,true,false,false,false,false,false]","[[],[1],[],[],[2],[],[],[],[],[]]",
mit60001_dense_304f7bc8ee6b2b73,semantic_cosine_wp240_v1,mit60001-q-035,How does the course connect list aliasing with mutation side effects?,multi_chunk,2,"[""RvRKT-jXvko"",""WPSeyjX1-4s""]",861,2,0.5,4,0,0,0.0,0,1,1,0.5,0,1,2,1.0,1,1,2,1.0,1,"[""RvRKT-jXvko:semantic_cosine_wp240_v1:47"",""WPSeyjX1-4s:semantic_cosine_wp240_v1:1"",""RvRKT-jXvko:semantic_cosine_wp240_v1:37"",""RvRKT-jXvko:semantic_cosine_wp240_v1:49"",""RvRKT-jXvko:semantic_cosine_wp240_v1:52"",""RvRKT-jXvko:semantic_cosine_wp240_v1:44"",""SrkqbLOQcEo:semantic_cosine_wp240_v1:1"",""RvRKT-jXvko:semantic_cosine_wp240_v1:55"",""SrkqbLOQcEo:semantic_cosine_wp240_v1:3"",""RvRKT-jXvko:semantic_cosine_wp240_v1:51""]","[0.46366006,0.46217555,0.45488301,0.39418972,0.38049626,0.37656111,0.31330884,0.3004854,0.29912794,0.29899538]","[""RvRKT-jXvko"",""WPSeyjX1-4s"",""RvRKT-jXvko"",""RvRKT-jXvko"",""RvRKT-jXvko"",""RvRKT-jXvko"",""SrkqbLOQcEo"",""RvRKT-jXvko"",""SrkqbLOQcEo"",""RvRKT-jXvko""]","[1995.16,53.07,1583.85,2061.969,2199.37,1883.55,53.41,2348.24,119.24,2155.67]","[2033.64,102.36,1629.99,2105.64,2264.78,1919.62,85.35,2396.459,169.75,2199.37]","[false,true,false,true,false,false,false,false,false,false]","[[],[2],[],[1],[],[],[],[],[],[]]",
mit60001_dense_304f7bc8ee6b2b73,semantic_cosine_wp240_v1,mit60001-q-037,How do linear search and binary search differ in the number of elements they need to examine?,multi_chunk,2,"[""6LOwPhPDwVc"",""7lQXYl_L28w""]",861,1,1.0,6,1,1,0.5,0,1,1,0.5,0,1,1,0.5,0,1,2,1.0,1,"[""7lQXYl_L28w:semantic_cosine_wp240_v1:13"",""6LOwPhPDwVc:semantic_cosine_wp240_v1:2"",""6LOwPhPDwVc:semantic_cosine_wp240_v1:3"",""SE4P7IVCunE:semantic_cosine_wp240_v1:29"",""7lQXYl_L28w:semantic_cosine_wp240_v1:15"",""6LOwPhPDwVc:semantic_cosine_wp240_v1:4"",""o9nW0uBqvEo:semantic_cosine_wp240_v1:70"",""SE4P7IVCunE:semantic_cosine_wp240_v1:53"",""6LOwPhPDwVc:semantic_cosine_wp240_v1:14"",""7lQXYl_L28w:semantic_cosine_wp240_v1:19""]","[0.64719677,0.56745994,0.5392983,0.50525534,0.49203742,0.48872811,0.48003167,0.46854722,0.46326423,0.45160824]","[""7lQXYl_L28w"",""6LOwPhPDwVc"",""6LOwPhPDwVc"",""SE4P7IVCunE"",""7lQXYl_L28w"",""6LOwPhPDwVc"",""o9nW0uBqvEo"",""SE4P7IVCunE"",""6LOwPhPDwVc"",""7lQXYl_L28w""]","[478.2,95.67,144.96,1339.95,541.78,185.54,2689.95,2389.06,477.42,660.157]","[513.1,144.96,185.54,1369.27,571.655,225.02,2718.21,2420.97,504.68,680.56]","[true,false,false,false,false,true,false,false,false,false]","[[2],[],[],[],[],[1],[],[],[],[]]",
mit60001_dense_304f7bc8ee6b2b73,semantic_cosine_wp240_v1,mit60001-q-038,How does the requirement for sorted input distinguish binary search from linear search?,confusable,2,"[""6LOwPhPDwVc""]",861,5,0.2,5,0,0,0.0,0,0,0,0.0,0,1,2,1.0,1,1,2,1.0,1,"[""6LOwPhPDwVc:semantic_cosine_wp240_v1:14"",""o9nW0uBqvEo:semantic_cosine_wp240_v1:70"",""7lQXYl_L28w:semantic_cosine_wp240_v1:13"",""7lQXYl_L28w:semantic_cosine_wp240_v1:15"",""6LOwPhPDwVc:semantic_cosine_wp240_v1:4"",""6LOwPhPDwVc:semantic_cosine_wp240_v1:17"",""6LOwPhPDwVc:semantic_cosine_wp240_v1:68"",""6LOwPhPDwVc:semantic_cosine_wp240_v1:2"",""o9nW0uBqvEo:semantic_cosine_wp240_v1:61"",""6LOwPhPDwVc:semantic_cosine_wp240_v1:3""]","[0.54813755,0.54386324,0.53487241,0.52004397,0.51728368,0.50130391,0.47926769,0.47904372,0.45418715,0.44937688]","[""6LOwPhPDwVc"",""o9nW0uBqvEo"",""7lQXYl_L28w"",""7lQXYl_L28w"",""6LOwPhPDwVc"",""6LOwPhPDwVc"",""6LOwPhPDwVc"",""6LOwPhPDwVc"",""o9nW0uBqvEo"",""6LOwPhPDwVc""]","[477.42,2689.95,478.2,541.78,185.54,597.39,2536.84,95.67,2337.78,144.96]","[504.68,2718.21,513.1,571.655,225.02,634.192,2568.82,144.96,2381.38,185.54]","[false,false,false,false,true,false,false,false,false,true]","[[],[],[],[],[1,2],[],[],[],[],[2]]",
mit60001_dense_304f7bc8ee6b2b73,semantic_cosine_wp240_v1,mit60001-q-039,How does the course distinguish black-box testing from glass-box testing?,confusable,2,"[""9H6muyZjms0""]",861,1,1.0,2,1,1,0.5,0,1,2,1.0,1,1,2,1.0,1,1,2,1.0,1,"[""9H6muyZjms0:semantic_cosine_wp240_v1:15"",""9H6muyZjms0:semantic_cosine_wp240_v1:13"",""9H6muyZjms0:semantic_cosine_wp240_v1:17"",""9H6muyZjms0:semantic_cosine_wp240_v1:16"",""9H6muyZjms0:semantic_cosine_wp240_v1:14"",""9H6muyZjms0:semantic_cosine_wp240_v1:0"",""9H6muyZjms0:semantic_cosine_wp240_v1:9"",""0jljZRnHwOI:semantic_cosine_wp240_v1:20"",""9H6muyZjms0:semantic_cosine_wp240_v1:49"",""nykOeWgQcHM:semantic_cosine_wp240_v1:5""]","[0.67595756,0.59078383,0.52976424,0.4834421,0.43848023,0.36398536,0.31358653,0.31005135,0.28912303,0.28563297]","[""9H6muyZjms0"",""9H6muyZjms0"",""9H6muyZjms0"",""9H6muyZjms0"",""9H6muyZjms0"",""9H6muyZjms0"",""9H6muyZjms0"",""0jljZRnHwOI"",""9H6muyZjms0"",""nykOeWgQcHM""]","[607.15,511.92,704.48,665.26,556.71,0.79,356.08,977.22,2235.36,215.39]","[665.26,556.71,769.08,704.48,607.15,44.1,397.91,1035.157,2311.12,261.01]","[true,true,false,false,false,false,false,false,false,false]","[[2],[1],[],[],[],[],[],[],[],[]]",
mit60001_dense_304f7bc8ee6b2b73,semantic_cosine_wp240_v1,mit60001-q-040,How does the course distinguish an exception from an assertion failure?,confusable,1,"[""9H6muyZjms0""]",861,4,0.25,4,0,0,0.0,0,0,0,0.0,0,1,1,1.0,1,1,1,1.0,1,"[""9H6muyZjms0:semantic_cosine_wp240_v1:51"",""9H6muyZjms0:semantic_cosine_wp240_v1:31"",""9H6muyZjms0:semantic_cosine_wp240_v1:49"",""9H6muyZjms0:semantic_cosine_wp240_v1:52"",""9H6muyZjms0:semantic_cosine_wp240_v1:50"",""9H6muyZjms0:semantic_cosine_wp240_v1:35"",""9H6muyZjms0:semantic_cosine_wp240_v1:41"",""9H6muyZjms0:semantic_cosine_wp240_v1:37"",""-DP1i2ZU9gk:semantic_cosine_wp240_v1:45"",""9H6muyZjms0:semantic_cosine_wp240_v1:13""]","[0.55317825,0.53251076,0.5178718,0.50597501,0.48406869,0.40863004,0.3720392,0.37137026,0.37091923,0.36571679]","[""9H6muyZjms0"",""9H6muyZjms0"",""9H6muyZjms0"",""9H6muyZjms0"",""9H6muyZjms0"",""9H6muyZjms0"",""9H6muyZjms0"",""9H6muyZjms0"",""-DP1i2ZU9gk"",""9H6muyZjms0""]","[2375.75,1286.42,2235.36,2432.15,2311.12,1479.98,1799.8,1605.09,2064.02,511.92]","[2432.15,1338.42,2311.12,2485.26,2372.52,1558.59,1872.27,1670.0,2099.995,556.71]","[false,false,false,true,false,false,false,false,false,false]","[[],[],[],[1],[],[],[],[],[],[]]",
mit60001_dense_304f7bc8ee6b2b73,semantic_cosine_wp240_v1,mit60001-q-041,How does the course distinguish a class from an instance of that class?,confusable,2,"[""-DP1i2ZU9gk"",""FlGjISF3l78""]",861,5,0.2,9,0,0,0.0,0,0,0,0.0,0,1,1,0.5,0,1,2,1.0,1,"[""vqn_yk5aFcI:semantic_cosine_wp240_v1:0"",""-DP1i2ZU9gk:semantic_cosine_wp240_v1:42"",""2__KumJsGXc:semantic_cosine_wp240_v1:0"",""FlGjISF3l78:semantic_cosine_wp240_v1:12"",""-DP1i2ZU9gk:semantic_cosine_wp240_v1:13"",""FlGjISF3l78:semantic_cosine_wp240_v1:7"",""-DP1i2ZU9gk:semantic_cosine_wp240_v1:16"",""FlGjISF3l78:semantic_cosine_wp240_v1:51"",""FlGjISF3l78:semantic_cosine_wp240_v1:4"",""FlGjISF3l78:semantic_cosine_wp240_v1:34""]","[0.53165722,0.51243562,0.4876281,0.48694143,0.48162574,0.47791219,0.46861929,0.46569696,0.44987512,0.44064832]","[""vqn_yk5aFcI"",""-DP1i2ZU9gk"",""2__KumJsGXc"",""FlGjISF3l78"",""-DP1i2ZU9gk"",""FlGjISF3l78"",""-DP1i2ZU9gk"",""FlGjISF3l78"",""FlGjISF3l78"",""FlGjISF3l78""]","[0.79,1921.95,0.79,533.92,572.86,339.65,704.49,2147.837,204.45,1482.79]","[48.957,1964.69,36.61,583.496,618.655,372.44,741.82,2176.9,239.89,1537.9]","[false,false,false,false,true,false,false,false,true,false]","[[],[],[],[],[1],[],[],[],[2],[]]",
mit60001_dense_304f7bc8ee6b2b73,semantic_cosine_wp192_o32_v1,mit60001-q-001,"According to the course introduction, what learning goals are introduced for students?",factual,4,"[""nykOeWgQcHM"",""6LOwPhPDwVc""]",1056,1,1.0,24,1,2,0.5,0,1,3,0.75,0,1,3,0.75,0,1,3,0.75,0,"[""nykOeWgQcHM:semantic_cosine_wp192_o32_v1:8"",""nykOeWgQcHM:semantic_cosine_wp192_o32_v1:4"",""o9nW0uBqvEo:semantic_cosine_wp192_o32_v1:2"",""nykOeWgQcHM:semantic_cosine_wp192_o32_v1:10"",""nykOeWgQcHM:semantic_cosine_wp192_o32_v1:3"",""nykOeWgQcHM:semantic_cosine_wp192_o32_v1:15"",""0jljZRnHwOI:semantic_cosine_wp192_o32_v1:1"",""nykOeWgQcHM:semantic_cosine_wp192_o32_v1:9"",""nykOeWgQcHM:semantic_cosine_wp192_o32_v1:7"",""FlGjISF3l78:semantic_cosine_wp192_o32_v1:2""]","[0.4790464,0.42970899,0.41782117,0.39722526,0.38460797,0.3699196,0.36583585,0.35887641,0.35160562,0.34868896]","[""nykOeWgQcHM"",""nykOeWgQcHM"",""o9nW0uBqvEo"",""nykOeWgQcHM"",""nykOeWgQcHM"",""nykOeWgQcHM"",""0jljZRnHwOI"",""nykOeWgQcHM"",""nykOeWgQcHM"",""FlGjISF3l78""]","[248.95,139.3,50.322,308.83,96.763,475.89,48.19,290.29,206.485,75.11]","[298.99,166.72,97.12,350.57,149.47,535.5,75.501,318.62,253.923,114.219]","[true,true,false,false,true,false,false,false,true,false]","[[2,3],[1],[],[],[1],[],[],[],[2,3],[]]",
mit60001_dense_304f7bc8ee6b2b73,semantic_cosine_wp192_o32_v1,mit60001-q-002,What does the course say students should do to practice programming effectively?,factual,2,"[""nykOeWgQcHM""]",1056,3,0.333333333,6,0,0,0.0,0,1,1,0.5,0,1,1,0.5,0,1,2,1.0,1,"[""nykOeWgQcHM:semantic_cosine_wp192_o32_v1:10"",""nykOeWgQcHM:semantic_cosine_wp192_o32_v1:8"",""nykOeWgQcHM:semantic_cosine_wp192_o32_v1:3"",""nykOeWgQcHM:semantic_cosine_wp192_o32_v1:7"",""0jljZRnHwOI:semantic_cosine_wp192_o32_v1:1"",""nykOeWgQcHM:semantic_cosine_wp192_o32_v1:5"",""nykOeWgQcHM:semantic_cosine_wp192_o32_v1:9"",""nykOeWgQcHM:semantic_cosine_wp192_o32_v1:11"",""nykOeWgQcHM:semantic_cosine_wp192_o32_v1:4"",""MjbuarJ7SE0:semantic_cosine_wp192_o32_v1:6""]","[0.63597435,0.58449435,0.52963257,0.52766097,0.52656239,0.51492059,0.50116479,0.4906677,0.46504712,0.45151013]","[""nykOeWgQcHM"",""nykOeWgQcHM"",""nykOeWgQcHM"",""nykOeWgQcHM"",""0jljZRnHwOI"",""nykOeWgQcHM"",""nykOeWgQcHM"",""nykOeWgQcHM"",""nykOeWgQcHM"",""MjbuarJ7SE0""]","[308.83,248.95,96.763,206.485,48.19,162.967,290.29,340.22,139.3,201.29]","[350.57,298.99,149.47,253.923,75.501,194.436,318.62,375.68,166.72,247.841]","[false,false,true,false,false,true,false,false,true,false]","[[],[],[1],[],[],[2],[],[],[1,2],[]]",
mit60001_dense_304f7bc8ee6b2b73,semantic_cosine_wp192_o32_v1,mit60001-q-003,How does Python use variable names in different scopes?,concept_explanation,1,"[""MjbuarJ7SE0""]",1056,1,1.0,1,1,1,1.0,1,1,1,1.0,1,1,1,1.0,1,1,1,1.0,1,"[""MjbuarJ7SE0:semantic_cosine_wp192_o32_v1:51"",""MjbuarJ7SE0:semantic_cosine_wp192_o32_v1:52"",""MjbuarJ7SE0:semantic_cosine_wp192_o32_v1:30"",""MjbuarJ7SE0:semantic_cosine_wp192_o32_v1:25"",""MjbuarJ7SE0:semantic_cosine_wp192_o32_v1:56"",""MjbuarJ7SE0:semantic_cosine_wp192_o32_v1:44"",""MjbuarJ7SE0:semantic_cosine_wp192_o32_v1:43"",""MjbuarJ7SE0:semantic_cosine_wp192_o32_v1:55"",""FlGjISF3l78:semantic_cosine_wp192_o32_v1:41"",""MjbuarJ7SE0:semantic_cosine_wp192_o32_v1:50""]","[0.71935201,0.71071762,0.704822,0.69724143,0.68563414,0.655846,0.64292961,0.62246835,0.589894,0.58203721]","[""MjbuarJ7SE0"",""MjbuarJ7SE0"",""MjbuarJ7SE0"",""MjbuarJ7SE0"",""MjbuarJ7SE0"",""MjbuarJ7SE0"",""MjbuarJ7SE0"",""MjbuarJ7SE0"",""FlGjISF3l78"",""MjbuarJ7SE0""]","[1853.79,1879.589,1105.9,902.005,2035.91,1601.97,1561.79,1983.65,1501.67,1820.81]","[1885.249,1927.89,1150.58,955.61,2081.889,1638.96,1610.01,2047.88,1537.9,1865.55]","[true,true,false,false,false,false,false,false,false,true]","[[1],[1],[],[],[],[],[],[],[],[1]]",
mit60001_dense_304f7bc8ee6b2b73,semantic_cosine_wp192_o32_v1,mit60001-q-004,What is the difference between assignment (=) and equality (==) in Python?,concept_explanation,1,"[""0jljZRnHwOI""]",1056,1,1.0,1,1,1,1.0,1,1,1,1.0,1,1,1,1.0,1,1,1,1.0,1,"[""0jljZRnHwOI:semantic_cosine_wp192_o32_v1:23"",""0jljZRnHwOI:semantic_cosine_wp192_o32_v1:40"",""MjbuarJ7SE0:semantic_cosine_wp192_o32_v1:52"",""nykOeWgQcHM:semantic_cosine_wp192_o32_v1:66"",""0jljZRnHwOI:semantic_cosine_wp192_o32_v1:24"",""RvRKT-jXvko:semantic_cosine_wp192_o32_v1:9"",""nykOeWgQcHM:semantic_cosine_wp192_o32_v1:61"",""RvRKT-jXvko:semantic_cosine_wp192_o32_v1:59"",""o9nW0uBqvEo:semantic_cosine_wp192_o32_v1:26"",""0jljZRnHwOI:semantic_cosine_wp192_o32_v1:46""]","[0.64665067,0.62189233,0.5777142,0.54969764,0.54633129,0.53663564,0.53312397,0.52177656,0.52090836,0.51290846]","[""0jljZRnHwOI"",""0jljZRnHwOI"",""MjbuarJ7SE0"",""nykOeWgQcHM"",""0jljZRnHwOI"",""RvRKT-jXvko"",""nykOeWgQcHM"",""RvRKT-jXvko"",""o9nW0uBqvEo"",""0jljZRnHwOI""]","[858.37,1516.02,1879.589,2358.53,888.3,318.76,2149.075,2125.22,837.55,1737.51]","[893.58,1582.76,1927.89,2400.25,937.45,369.5,2213.08,2181.36,877.39,1778.09]","[true,false,false,false,true,false,false,false,false,false]","[[1],[],[],[],[1],[],[],[],[],[]]",
mit60001_dense_304f7bc8ee6b2b73,semantic_cosine_wp192_o32_v1,mit60001-q-005,"According to the course, why does a recursive function require a base case?",concept_explanation,1,"[""WPSeyjX1-4s""]",1056,1,1.0,1,1,1,1.0,1,1,1,1.0,1,1,1,1.0,1,1,1,1.0,1,"[""WPSeyjX1-4s:semantic_cosine_wp192_o32_v1:9"",""WPSeyjX1-4s:semantic_cosine_wp192_o32_v1:8"",""WPSeyjX1-4s:semantic_cosine_wp192_o32_v1:3"",""WPSeyjX1-4s:semantic_cosine_wp192_o32_v1:38"",""6LOwPhPDwVc:semantic_cosine_wp192_o32_v1:94"",""WPSeyjX1-4s:semantic_cosine_wp192_o32_v1:30"",""WPSeyjX1-4s:semantic_cosine_wp192_o32_v1:6"",""WPSeyjX1-4s:semantic_cosine_wp192_o32_v1:17"",""WPSeyjX1-4s:semantic_cosine_wp192_o32_v1:54"",""WPSeyjX1-4s:semantic_cosine_wp192_o32_v1:26""]","[0.64900982,0.61035538,0.52232164,0.51685476,0.50339866,0.49261934,0.4922787,0.4918623,0.48538625,0.47256726]","[""WPSeyjX1-4s"",""WPSeyjX1-4s"",""WPSeyjX1-4s"",""WPSeyjX1-4s"",""6LOwPhPDwVc"",""WPSeyjX1-4s"",""WPSeyjX1-4s"",""WPSeyjX1-4s"",""WPSeyjX1-4s"",""WPSeyjX1-4s""]","[300.99,269.7,123.9,1158.25,2873.68,948.706,203.79,549.84,1639.67,814.22]","[330.45,308.1,163.92,1200.487,2903.75,985.7,249.51,576.55,1675.47,864.4]","[true,true,false,false,false,false,false,false,false,false]","[[1],[1],[],[],[],[],[],[],[],[]]",
mit60001_dense_304f7bc8ee6b2b73,semantic_cosine_wp192_o32_v1,mit60001-q-006,"According to the lecture, how is the efficiency of an algorithm explained?",concept_explanation,1,"[""o9nW0uBqvEo""]",1056,3,0.333333333,3,0,0,0.0,0,1,1,1.0,1,1,1,1.0,1,1,1,1.0,1,"[""SE4P7IVCunE:semantic_cosine_wp192_o32_v1:35"",""7lQXYl_L28w:semantic_cosine_wp192_o32_v1:6"",""o9nW0uBqvEo:semantic_cosine_wp192_o32_v1:17"",""o9nW0uBqvEo:semantic_cosine_wp192_o32_v1:16"",""o9nW0uBqvEo:semantic_cosine_wp192_o32_v1:24"",""o9nW0uBqvEo:semantic_cosine_wp192_o32_v1:15"",""nykOeWgQcHM:semantic_cosine_wp192_o32_v1:13"",""7lQXYl_L28w:semantic_cosine_wp192_o32_v1:44"",""o9nW0uBqvEo:semantic_cosine_wp192_o32_v1:34"",""7lQXYl_L28w:semantic_cosine_wp192_o32_v1:5""]","[0.64638138,0.62039661,0.60903096,0.58957922,0.58691418,0.57788646,0.57718313,0.56493449,0.56286722,0.56184435]","[""SE4P7IVCunE"",""7lQXYl_L28w"",""o9nW0uBqvEo"",""o9nW0uBqvEo"",""o9nW0uBqvEo"",""o9nW0uBqvEo"",""nykOeWgQcHM"",""7lQXYl_L28w"",""o9nW0uBqvEo"",""7lQXYl_L28w""]","[1308.87,161.88,542.01,501.93,780.492,472.844,401.084,1204.69,1091.09,139.45]","[1339.95,185.94,593.48,550.95,818.77,509.53,457.59,1242.54,1126.91,167.11]","[false,false,true,false,false,false,false,false,false,false]","[[],[],[1],[],[],[],[],[],[],[]]",
mit60001_dense_304f7bc8ee6b2b73,semantic_cosine_wp192_o32_v1,mit60001-q-007,What value is bound to a name after an assignment statement is evaluated?,code_behavior,1,"[""nykOeWgQcHM""]",1056,1,1.0,1,1,1,1.0,1,1,1,1.0,1,1,1,1.0,1,1,1,1.0,1,"[""nykOeWgQcHM:semantic_cosine_wp192_o32_v1:61"",""nykOeWgQcHM:semantic_cosine_wp192_o32_v1:67"",""0jljZRnHwOI:semantic_cosine_wp192_o32_v1:5"",""o9nW0uBqvEo:semantic_cosine_wp192_o32_v1:24"",""0jljZRnHwOI:semantic_cosine_wp192_o32_v1:11"",""nykOeWgQcHM:semantic_cosine_wp192_o32_v1:63"",""MjbuarJ7SE0:semantic_cosine_wp192_o32_v1:50"",""MjbuarJ7SE0:semantic_cosine_wp192_o32_v1:51"",""0jljZRnHwOI:semantic_cosine_wp192_o32_v1:17"",""nykOeWgQcHM:semantic_cosine_wp192_o32_v1:44""]","[0.58287472,0.54863381,0.50959802,0.49397457,0.49343169,0.48954394,0.47685856,0.4401598,0.43990079,0.43068913]","[""nykOeWgQcHM"",""nykOeWgQcHM"",""0jljZRnHwOI"",""o9nW0uBqvEo"",""0jljZRnHwOI"",""nykOeWgQcHM"",""MjbuarJ7SE0"",""MjbuarJ7SE0"",""0jljZRnHwOI"",""nykOeWgQcHM""]","[2149.075,2393.71,158.47,780.492,382.08,2236.06,1820.81,1853.79,647.89,1540.12]","[2213.08,2454.73,211.06,818.77,408.67,2274.34,1865.55,1885.249,691.7,1588.33]","[true,false,false,false,false,false,false,false,false,false]","[[1],[],[],[],[],[],[],[],[],[]]",
mit60001_dense_304f7bc8ee6b2b73,semantic_cosine_wp192_o32_v1,mit60001-q-008,Why can rebinding a variable name leave the previous object unchanged?,code_behavior,2,"[""nykOeWgQcHM"",""SE4P7IVCunE""]",1056,3,0.333333333,67,0,0,0.0,0,1,1,0.5,0,1,1,0.5,0,1,1,0.5,0,"[""MjbuarJ7SE0:semantic_cosine_wp192_o32_v1:51"",""0jljZRnHwOI:semantic_cosine_wp192_o32_v1:5"",""nykOeWgQcHM:semantic_cosine_wp192_o32_v1:69"",""nykOeWgQcHM:semantic_cosine_wp192_o32_v1:67"",""FlGjISF3l78:semantic_cosine_wp192_o32_v1:68"",""FlGjISF3l78:semantic_cosine_wp192_o32_v1:62"",""FlGjISF3l78:semantic_cosine_wp192_o32_v1:69"",""MjbuarJ7SE0:semantic_cosine_wp192_o32_v1:64"",""FlGjISF3l78:semantic_cosine_wp192_o32_v1:41"",""RvRKT-jXvko:semantic_cosine_wp192_o32_v1:52""]","[0.50218409,0.49925151,0.49186122,0.4626072,0.45711726,0.45079517,0.45066509,0.45051497,0.43744171,0.42205429]","[""MjbuarJ7SE0"",""0jljZRnHwOI"",""nykOeWgQcHM"",""nykOeWgQcHM"",""FlGjISF3l78"",""FlGjISF3l78"",""FlGjISF3l78"",""MjbuarJ7SE0"",""FlGjISF3l78"",""RvRKT-jXvko""]","[1853.79,158.47,2484.54,2393.71,2359.86,2158.32,2407.0,2322.35,1501.67,1875.6]","[1885.249,211.06,2520.96,2454.73,2411.612,2210.27,2439.01,2369.3,1537.9,1919.62]","[false,false,true,false,false,false,false,false,false,false]","[[],[],[1],[],[],[],[],[],[],[]]",
mit60001_dense_304f7bc8ee6b2b73,semantic_cosine_wp192_o32_v1,mit60001-q-009,"According to the course, how are local variables created and used during a function call?",code_behavior,1,"[""MjbuarJ7SE0""]",1056,1,1.0,1,1,1,1.0,1,1,1,1.0,1,1,1,1.0,1,1,1,1.0,1,"[""MjbuarJ7SE0:semantic_cosine_wp192_o32_v1:51"",""MjbuarJ7SE0:semantic_cosine_wp192_o32_v1:29"",""MjbuarJ7SE0:semantic_cosine_wp192_o32_v1:50"",""MjbuarJ7SE0:semantic_cosine_wp192_o32_v1:31"",""MjbuarJ7SE0:semantic_cosine_wp192_o32_v1:44"",""MjbuarJ7SE0:semantic_cosine_wp192_o32_v1:27"",""MjbuarJ7SE0:semantic_cosine_wp192_o32_v1:30"",""MjbuarJ7SE0:semantic_cosine_wp192_o32_v1:33"",""MjbuarJ7SE0:semantic_cosine_wp192_o32_v1:43"",""MjbuarJ7SE0:semantic_cosine_wp192_o32_v1:56""]","[0.59911072,0.59459162,0.58588243,0.56571102,0.5436694,0.53599763,0.53554749,0.53233749,0.5253731,0.52220803]","[""MjbuarJ7SE0"",""MjbuarJ7SE0"",""MjbuarJ7SE0"",""MjbuarJ7SE0"",""MjbuarJ7SE0"",""MjbuarJ7SE0"",""MjbuarJ7SE0"",""MjbuarJ7SE0"",""MjbuarJ7SE0"",""MjbuarJ7SE0""]","[1853.79,1065.61,1820.81,1141.54,1601.97,990.31,1105.9,1193.78,1561.79,2035.91]","[1885.249,1115.65,1865.55,1181.12,1638.96,1028.079,1150.58,1236.86,1610.01,2081.889]","[true,false,true,false,false,false,false,false,false,false]","[[1],[],[1],[],[],[],[],[],[],[]]",
mit60001_dense_304f7bc8ee6b2b73,semantic_cosine_wp192_o32_v1,mit60001-q-010,What is the difference between mutable and immutable objects?,confusable,1,"[""RvRKT-jXvko""]",1056,5,0.2,5,0,0,0.0,0,0,0,0.0,0,1,1,1.0,1,1,1,1.0,1,"[""RvRKT-jXvko:semantic_cosine_wp192_o32_v1:3"",""RvRKT-jXvko:semantic_cosine_wp192_o32_v1:51"",""WPSeyjX1-4s:semantic_cosine_wp192_o32_v1:2"",""RvRKT-jXvko:semantic_cosine_wp192_o32_v1:49"",""RvRKT-jXvko:semantic_cosine_wp192_o32_v1:25"",""RvRKT-jXvko:semantic_cosine_wp192_o32_v1:24"",""RvRKT-jXvko:semantic_cosine_wp192_o32_v1:52"",""RvRKT-jXvko:semantic_cosine_wp192_o32_v1:57"",""-DP1i2ZU9gk:semantic_cosine_wp192_o32_v1:1"",""RvRKT-jXvko:semantic_cosine_wp192_o32_v1:55""]","[0.53252995,0.48279509,0.46968725,0.41832018,0.40692401,0.39979798,0.39419955,0.39300457,0.38652667,0.38276255]","[""RvRKT-jXvko"",""RvRKT-jXvko"",""WPSeyjX1-4s"",""RvRKT-jXvko"",""RvRKT-jXvko"",""RvRKT-jXvko"",""RvRKT-jXvko"",""RvRKT-jXvko"",""-DP1i2ZU9gk"",""RvRKT-jXvko""]","[90.776,1821.173,87.36,1746.81,897.06,858.07,1875.6,2035.41,46.55,1968.56]","[134.64,1883.55,133.95,1798.451,931.6,907.01,1919.62,2083.469,107.88,2020.94]","[false,false,false,false,true,true,false,false,false,false]","[[],[],[],[],[1],[1],[],[],[],[]]",
mit60001_dense_304f7bc8ee6b2b73,semantic_cosine_wp192_o32_v1,mit60001-q-014,What is the difference between a Python list and a dictionary?,concept_explanation,1,"[""WPSeyjX1-4s""]",1056,33,0.03030303,33,0,0,0.0,0,0,0,0.0,0,0,0,0.0,0,0,0,0.0,0,"[""WPSeyjX1-4s:semantic_cosine_wp192_o32_v1:85"",""-DP1i2ZU9gk:semantic_cosine_wp192_o32_v1:7"",""RvRKT-jXvko:semantic_cosine_wp192_o32_v1:30"",""RvRKT-jXvko:semantic_cosine_wp192_o32_v1:51"",""RvRKT-jXvko:semantic_cosine_wp192_o32_v1:56"",""WPSeyjX1-4s:semantic_cosine_wp192_o32_v1:79"",""7lQXYl_L28w:semantic_cosine_wp192_o32_v1:102"",""RvRKT-jXvko:semantic_cosine_wp192_o32_v1:48"",""WPSeyjX1-4s:semantic_cosine_wp192_o32_v1:78"",""RvRKT-jXvko:semantic_cosine_wp192_o32_v1:57""]","[0.64870799,0.61016405,0.60348845,0.59627795,0.56516272,0.55614376,0.53591627,0.53514093,0.52755141,0.52372909]","[""WPSeyjX1-4s"",""-DP1i2ZU9gk"",""RvRKT-jXvko"",""RvRKT-jXvko"",""RvRKT-jXvko"",""WPSeyjX1-4s"",""7lQXYl_L28w"",""RvRKT-jXvko"",""WPSeyjX1-4s"",""RvRKT-jXvko""]","[2532.69,288.59,1088.75,1821.173,2010.51,2372.823,2886.38,1718.24,2346.5,2035.41]","[2573.17,329.03,1138.28,1883.55,2045.13,2412.32,2919.11,1751.46,2380.59,2083.469]","[false,false,false,false,false,false,false,false,false,false]","[[],[],[],[],[],[],[],[],[],[]]",
mit60001_dense_304f7bc8ee6b2b73,semantic_cosine_wp192_o32_v1,mit60001-q-015,"According to the course, how is using the shell different from using the editor?",factual,1,"[""nykOeWgQcHM""]",1056,2,0.5,2,0,0,0.0,0,1,1,1.0,1,1,1,1.0,1,1,1,1.0,1,"[""nykOeWgQcHM:semantic_cosine_wp192_o32_v1:10"",""nykOeWgQcHM:semantic_cosine_wp192_o32_v1:49"",""nykOeWgQcHM:semantic_cosine_wp192_o32_v1:57"",""nykOeWgQcHM:semantic_cosine_wp192_o32_v1:56"",""nykOeWgQcHM:semantic_cosine_wp192_o32_v1:34"",""0jljZRnHwOI:semantic_cosine_wp192_o32_v1:2"",""nykOeWgQcHM:semantic_cosine_wp192_o32_v1:12"",""o9nW0uBqvEo:semantic_cosine_wp192_o32_v1:8"",""Y6J8I056Ffw:semantic_cosine_wp192_o32_v1:1"",""SE4P7IVCunE:semantic_cosine_wp192_o32_v1:34""]","[0.43026,0.38675219,0.36137378,0.35182205,0.34266949,0.34152597,0.33321097,0.331958,0.32948309,0.31956315]","[""nykOeWgQcHM"",""nykOeWgQcHM"",""nykOeWgQcHM"",""nykOeWgQcHM"",""nykOeWgQcHM"",""0jljZRnHwOI"",""nykOeWgQcHM"",""o9nW0uBqvEo"",""Y6J8I056Ffw"",""SE4P7IVCunE""]","[308.83,1724.5,2006.27,1955.06,1175.3,68.8,366.53,258.11,38.06,1274.07]","[350.57,1779.95,2046.07,2012.15,1219.836,110.2,407.48,291.47,79.05,1317.094]","[false,true,false,false,false,false,false,false,false,false]","[[],[1],[],[],[],[],[],[],[],[]]",
mit60001_dense_304f7bc8ee6b2b73,semantic_cosine_wp192_o32_v1,mit60001-q-016,"According to the course, what does an assertion check in a program?",factual,3,"[""9H6muyZjms0""]",1056,1,1.0,3,1,1,0.333333333,0,1,3,1.0,1,1,3,1.0,1,1,3,1.0,1,"[""9H6muyZjms0:semantic_cosine_wp192_o32_v1:66"",""9H6muyZjms0:semantic_cosine_wp192_o32_v1:68"",""9H6muyZjms0:semantic_cosine_wp192_o32_v1:65"",""0jljZRnHwOI:semantic_cosine_wp192_o32_v1:36"",""9H6muyZjms0:semantic_cosine_wp192_o32_v1:64"",""9H6muyZjms0:semantic_cosine_wp192_o32_v1:29"",""9H6muyZjms0:semantic_cosine_wp192_o32_v1:21"",""0jljZRnHwOI:semantic_cosine_wp192_o32_v1:32"",""9H6muyZjms0:semantic_cosine_wp192_o32_v1:14"",""nykOeWgQcHM:semantic_cosine_wp192_o32_v1:33""]","[0.7115916,0.5937866,0.53857934,0.48343861,0.47577,0.47370788,0.46978062,0.45657516,0.45363304,0.45113111]","[""9H6muyZjms0"",""9H6muyZjms0"",""9H6muyZjms0"",""0jljZRnHwOI"",""9H6muyZjms0"",""9H6muyZjms0"",""9H6muyZjms0"",""0jljZRnHwOI"",""9H6muyZjms0"",""nykOeWgQcHM""]","[2367.36,2448.09,2315.76,1356.26,2251.35,947.95,692.984,1193.48,455.13,1125.36]","[2412.38,2485.26,2372.52,1408.47,2321.75,994.22,728.23,1233.16,502.22,1182.41]","[true,true,true,false,true,false,false,false,false,false]","[[2],[3],[1,2],[],[1],[],[],[],[],[]]",
mit60001_dense_304f7bc8ee6b2b73,semantic_cosine_wp192_o32_v1,mit60001-q-017,What does the course say is the purpose of exception handling?,factual,2,"[""9H6muyZjms0""]",1056,5,0.2,8,0,0,0.0,0,0,0,0.0,0,1,1,0.5,0,1,2,1.0,1,"[""9H6muyZjms0:semantic_cosine_wp192_o32_v1:48"",""9H6muyZjms0:semantic_cosine_wp192_o32_v1:39"",""9H6muyZjms0:semantic_cosine_wp192_o32_v1:40"",""9H6muyZjms0:semantic_cosine_wp192_o32_v1:47"",""9H6muyZjms0:semantic_cosine_wp192_o32_v1:43"",""9H6muyZjms0:semantic_cosine_wp192_o32_v1:56"",""9H6muyZjms0:semantic_cosine_wp192_o32_v1:49"",""9H6muyZjms0:semantic_cosine_wp192_o32_v1:53"",""9H6muyZjms0:semantic_cosine_wp192_o32_v1:41"",""9H6muyZjms0:semantic_cosine_wp192_o32_v1:46""]","[0.53746074,0.51742303,0.5073365,0.49476811,0.46951497,0.46559429,0.43007275,0.42102581,0.41597515,0.41547978]","[""9H6muyZjms0"",""9H6muyZjms0"",""9H6muyZjms0"",""9H6muyZjms0"",""9H6muyZjms0"",""9H6muyZjms0"",""9H6muyZjms0"",""9H6muyZjms0"",""9H6muyZjms0"",""9H6muyZjms0""]","[1649.79,1292.85,1347.15,1600.41,1457.86,1930.31,1685.05,1791.79,1387.61,1582.38]","[1696.25,1358.86,1391.59,1655.28,1510.09,1982.98,1717.08,1842.452,1443.59,1605.09]","[false,false,false,false,true,false,false,true,false,false]","[[],[],[],[],[1],[],[],[2],[],[]]",
mit60001_dense_304f7bc8ee6b2b73,semantic_cosine_wp192_o32_v1,mit60001-q-018,What does black-box testing examine according to the course?,factual,1,"[""9H6muyZjms0""]",1056,3,0.333333333,3,0,0,0.0,0,1,1,1.0,1,1,1,1.0,1,1,1,1.0,1,"[""9H6muyZjms0:semantic_cosine_wp192_o32_v1:18"",""9H6muyZjms0:semantic_cosine_wp192_o32_v1:17"",""9H6muyZjms0:semantic_cosine_wp192_o32_v1:16"",""nykOeWgQcHM:semantic_cosine_wp192_o32_v1:30"",""9H6muyZjms0:semantic_cosine_wp192_o32_v1:15"",""9H6muyZjms0:semantic_cosine_wp192_o32_v1:12"",""nykOeWgQcHM:semantic_cosine_wp192_o32_v1:10"",""9H6muyZjms0:semantic_cosine_wp192_o32_v1:0"",""nykOeWgQcHM:semantic_cosine_wp192_o32_v1:7"",""9H6muyZjms0:semantic_cosine_wp192_o32_v1:19""]","[0.58867657,0.52658075,0.51361978,0.40146488,0.39227015,0.38629389,0.38041997,0.37416595,0.36956036,0.3559615]","[""9H6muyZjms0"",""9H6muyZjms0"",""9H6muyZjms0"",""nykOeWgQcHM"",""9H6muyZjms0"",""9H6muyZjms0"",""nykOeWgQcHM"",""9H6muyZjms0"",""nykOeWgQcHM"",""9H6muyZjms0""]","[600.04,566.76,526.15,997.36,495.43,392.67,308.83,0.79,206.485,623.43]","[632.98,607.15,574.54,1045.28,533.1,431.63,350.57,44.1,253.923,665.26]","[false,false,true,false,true,false,false,false,false,false]","[[],[],[1],[],[1],[],[],[],[],[]]",
mit60001_dense_304f7bc8ee6b2b73,semantic_cosine_wp192_o32_v1,mit60001-q-019,"According to the lecture, what is the goal of bisection search?",factual,1,"[""6LOwPhPDwVc""]",1056,1,1.0,1,1,1,1.0,1,1,1,1.0,1,1,1,1.0,1,1,1,1.0,1,"[""6LOwPhPDwVc:semantic_cosine_wp192_o32_v1:2"",""SE4P7IVCunE:semantic_cosine_wp192_o32_v1:65"",""MjbuarJ7SE0:semantic_cosine_wp192_o32_v1:2"",""SE4P7IVCunE:semantic_cosine_wp192_o32_v1:64"",""SE4P7IVCunE:semantic_cosine_wp192_o32_v1:67"",""7lQXYl_L28w:semantic_cosine_wp192_o32_v1:18"",""SE4P7IVCunE:semantic_cosine_wp192_o32_v1:66"",""SE4P7IVCunE:semantic_cosine_wp192_o32_v1:2"",""6LOwPhPDwVc:semantic_cosine_wp192_o32_v1:4"",""SE4P7IVCunE:semantic_cosine_wp192_o32_v1:36""]","[0.62231338,0.60927606,0.58005095,0.5435257,0.53745055,0.51459545,0.46046811,0.45795262,0.45530227,0.4460783]","[""6LOwPhPDwVc"",""SE4P7IVCunE"",""MjbuarJ7SE0"",""SE4P7IVCunE"",""SE4P7IVCunE"",""7lQXYl_L28w"",""SE4P7IVCunE"",""SE4P7IVCunE"",""6LOwPhPDwVc"",""SE4P7IVCunE""]","[87.88,2380.84,68.351,2344.86,2450.59,472.05,2401.78,81.31,147.855,1328.37]","[136.95,2410.865,123.9,2386.49,2479.78,513.1,2456.54,131.65,185.54,1369.27]","[true,false,false,false,false,false,false,false,false,false]","[[1],[],[],[],[],[],[],[],[],[]]",
mit60001_dense_304f7bc8ee6b2b73,semantic_cosine_wp192_o32_v1,mit60001-q-020,"How does the lecture use len, indexing, and slicing to inspect or extract parts of a string?",factual,2,"[""SE4P7IVCunE""]",1056,1,1.0,3,1,1,0.5,0,1,2,1.0,1,1,2,1.0,1,1,2,1.0,1,"[""SE4P7IVCunE:semantic_cosine_wp192_o32_v1:5"",""SE4P7IVCunE:semantic_cosine_wp192_o32_v1:6"",""SE4P7IVCunE:semantic_cosine_wp192_o32_v1:13"",""SE4P7IVCunE:semantic_cosine_wp192_o32_v1:3"",""SE4P7IVCunE:semantic_cosine_wp192_o32_v1:4"",""SE4P7IVCunE:semantic_cosine_wp192_o32_v1:16"",""SE4P7IVCunE:semantic_cosine_wp192_o32_v1:14"",""SE4P7IVCunE:semantic_cosine_wp192_o32_v1:8"",""SE4P7IVCunE:semantic_cosine_wp192_o32_v1:12"",""RvRKT-jXvko:semantic_cosine_wp192_o32_v1:5""]","[0.58329463,0.55822468,0.53194642,0.53156877,0.51165736,0.51142621,0.49518675,0.48731089,0.48337772,0.474217]","[""SE4P7IVCunE"",""SE4P7IVCunE"",""SE4P7IVCunE"",""SE4P7IVCunE"",""SE4P7IVCunE"",""SE4P7IVCunE"",""SE4P7IVCunE"",""SE4P7IVCunE"",""SE4P7IVCunE"",""RvRKT-jXvko""]","[190.29,229.78,443.2,124.14,162.23,585.99,497.49,283.106,398.232,166.88]","[236.05,260.079,511.49,169.44,201.469,638.892,544.45,325.23,452.03,223.66]","[true,false,true,true,true,false,true,false,true,false]","[[1],[],[2],[1],[1],[],[2],[],[2],[]]",
mit60001_dense_304f7bc8ee6b2b73,semantic_cosine_wp192_o32_v1,mit60001-q-021,How does the course explain the role of Boolean comparisons in branching?,concept_explanation,1,"[""0jljZRnHwOI""]",1056,1,1.0,1,1,1,1.0,1,1,1,1.0,1,1,1,1.0,1,1,1,1.0,1,"[""0jljZRnHwOI:semantic_cosine_wp192_o32_v1:26"",""0jljZRnHwOI:semantic_cosine_wp192_o32_v1:27"",""0jljZRnHwOI:semantic_cosine_wp192_o32_v1:40"",""FlGjISF3l78:semantic_cosine_wp192_o32_v1:77"",""9H6muyZjms0:semantic_cosine_wp192_o32_v1:21"",""FlGjISF3l78:semantic_cosine_wp192_o32_v1:78"",""9H6muyZjms0:semantic_cosine_wp192_o32_v1:22"",""0jljZRnHwOI:semantic_cosine_wp192_o32_v1:39"",""9H6muyZjms0:semantic_cosine_wp192_o32_v1:23"",""0jljZRnHwOI:semantic_cosine_wp192_o32_v1:24""]","[0.60468018,0.48951784,0.48826632,0.48622653,0.46098939,0.45507723,0.45050573,0.44671839,0.44376552,0.4077388]","[""0jljZRnHwOI"",""0jljZRnHwOI"",""0jljZRnHwOI"",""FlGjISF3l78"",""9H6muyZjms0"",""FlGjISF3l78"",""9H6muyZjms0"",""0jljZRnHwOI"",""9H6muyZjms0"",""0jljZRnHwOI""]","[977.72,1026.829,1516.02,2695.67,692.984,2729.47,722.394,1471.88,772.15,888.3]","[1035.157,1067.96,1582.76,2734.48,728.23,2774.41,781.14,1528.86,822.81,937.45]","[true,true,false,false,false,false,false,false,false,false]","[[1],[1],[],[],[],[],[],[],[],[]]",
mit60001_dense_304f7bc8ee6b2b73,semantic_cosine_wp192_o32_v1,mit60001-q-022,Why is a dictionary more suitable than a list for key-value lookup?,concept_explanation,3,"[""WPSeyjX1-4s"",""7lQXYl_L28w""]",1056,3,0.333333333,13,0,0,0.0,0,1,1,0.333333333,0,1,1,0.333333333,0,1,2,0.666666667,0,"[""WPSeyjX1-4s:semantic_cosine_wp192_o32_v1:79"",""WPSeyjX1-4s:semantic_cosine_wp192_o32_v1:78"",""7lQXYl_L28w:semantic_cosine_wp192_o32_v1:102"",""WPSeyjX1-4s:semantic_cosine_wp192_o32_v1:77"",""WPSeyjX1-4s:semantic_cosine_wp192_o32_v1:85"",""WPSeyjX1-4s:semantic_cosine_wp192_o32_v1:73"",""7lQXYl_L28w:semantic_cosine_wp192_o32_v1:103"",""WPSeyjX1-4s:semantic_cosine_wp192_o32_v1:71"",""WPSeyjX1-4s:semantic_cosine_wp192_o32_v1:74"",""7lQXYl_L28w:semantic_cosine_wp192_o32_v1:104""]","[0.68221068,0.64985114,0.63332158,0.61234915,0.61152357,0.6051079,0.60227084,0.58815491,0.56490654,0.54541093]","[""WPSeyjX1-4s"",""WPSeyjX1-4s"",""7lQXYl_L28w"",""WPSeyjX1-4s"",""WPSeyjX1-4s"",""WPSeyjX1-4s"",""7lQXYl_L28w"",""WPSeyjX1-4s"",""WPSeyjX1-4s"",""7lQXYl_L28w""]","[2372.823,2346.5,2886.38,2309.39,2532.69,2204.14,2912.68,2131.55,2234.102,2928.34]","[2412.32,2380.59,2919.11,2356.74,2573.17,2242.33,2933.8,2175.43,2269.07,2952.358]","[false,false,true,false,false,false,true,false,false,true]","[[],[],[3],[],[],[],[2,3],[],[],[2]]",
mit60001_dense_304f7bc8ee6b2b73,semantic_cosine_wp192_o32_v1,mit60001-q-023,How does the course explain abstraction when functions are used in a program?,concept_explanation,2,"[""6LOwPhPDwVc"",""MjbuarJ7SE0""]",1056,6,0.166666667,33,0,0,0.0,0,0,0,0.0,0,0,0,0.0,0,1,1,0.5,0,"[""RvRKT-jXvko:semantic_cosine_wp192_o32_v1:1"",""MjbuarJ7SE0:semantic_cosine_wp192_o32_v1:7"",""MjbuarJ7SE0:semantic_cosine_wp192_o32_v1:4"",""nykOeWgQcHM:semantic_cosine_wp192_o32_v1:10"",""-DP1i2ZU9gk:semantic_cosine_wp192_o32_v1:13"",""MjbuarJ7SE0:semantic_cosine_wp192_o32_v1:14"",""-DP1i2ZU9gk:semantic_cosine_wp192_o32_v1:12"",""MjbuarJ7SE0:semantic_cosine_wp192_o32_v1:16"",""nykOeWgQcHM:semantic_cosine_wp192_o32_v1:9"",""FlGjISF3l78:semantic_cosine_wp192_o32_v1:2""]","[0.6485346,0.59507823,0.59433258,0.58225799,0.57273954,0.55885649,0.55044186,0.5488497,0.54752779,0.54605728]","[""RvRKT-jXvko"",""MjbuarJ7SE0"",""MjbuarJ7SE0"",""nykOeWgQcHM"",""-DP1i2ZU9gk"",""MjbuarJ7SE0"",""-DP1i2ZU9gk"",""MjbuarJ7SE0"",""nykOeWgQcHM"",""FlGjISF3l78""]","[17.88,244.134,139.95,308.83,483.26,513.128,441.44,580.002,290.29,75.11]","[59.487,280.32,182.66,350.57,535.63,548.63,493.227,626.15,318.62,114.219]","[false,false,false,false,false,true,false,false,false,false]","[[],[],[],[],[],[2],[],[],[],[]]",
mit60001_dense_304f7bc8ee6b2b73,semantic_cosine_wp192_o32_v1,mit60001-q-025,How does the course explain the role of inheritance in object-oriented programming?,concept_explanation,1,"[""FlGjISF3l78""]",1056,3,0.333333333,3,0,0,0.0,0,1,1,1.0,1,1,1,1.0,1,1,1,1.0,1,"[""FlGjISF3l78:semantic_cosine_wp192_o32_v1:2"",""FlGjISF3l78:semantic_cosine_wp192_o32_v1:3"",""FlGjISF3l78:semantic_cosine_wp192_o32_v1:38"",""8s0d87sjy1A:semantic_cosine_wp192_o32_v1:2"",""FlGjISF3l78:semantic_cosine_wp192_o32_v1:61"",""-DP1i2ZU9gk:semantic_cosine_wp192_o32_v1:0"",""FlGjISF3l78:semantic_cosine_wp192_o32_v1:37"",""nykOeWgQcHM:semantic_cosine_wp192_o32_v1:10"",""FlGjISF3l78:semantic_cosine_wp192_o32_v1:80"",""FlGjISF3l78:semantic_cosine_wp192_o32_v1:9""]","[0.66644049,0.59661877,0.54020339,0.53542137,0.53131741,0.52785635,0.52447903,0.5218125,0.51079577,0.50895202]","[""FlGjISF3l78"",""FlGjISF3l78"",""FlGjISF3l78"",""8s0d87sjy1A"",""FlGjISF3l78"",""-DP1i2ZU9gk"",""FlGjISF3l78"",""nykOeWgQcHM"",""FlGjISF3l78"",""FlGjISF3l78""]","[75.11,104.877,1413.3,56.95,2114.78,0.79,1393.48,308.83,2798.47,354.37]","[114.219,157.8,1453.77,91.98,2168.53,58.21,1420.07,350.57,2839.45,411.27]","[false,false,true,false,false,false,true,false,false,false]","[[],[],[1],[],[],[],[1],[],[],[]]",
mit60001_dense_304f7bc8ee6b2b73,semantic_cosine_wp192_o32_v1,mit60001-q-026,What happens when a list element is accessed using an index?,code_behavior,2,"[""o9nW0uBqvEo"",""-DP1i2ZU9gk""]",1056,1,1.0,3,1,1,0.5,0,1,2,1.0,1,1,2,1.0,1,1,2,1.0,1,"[""-DP1i2ZU9gk:semantic_cosine_wp192_o32_v1:8"",""-DP1i2ZU9gk:semantic_cosine_wp192_o32_v1:9"",""o9nW0uBqvEo:semantic_cosine_wp192_o32_v1:84"",""9H6muyZjms0:semantic_cosine_wp192_o32_v1:32"",""RvRKT-jXvko:semantic_cosine_wp192_o32_v1:27"",""RvRKT-jXvko:semantic_cosine_wp192_o32_v1:38"",""o9nW0uBqvEo:semantic_cosine_wp192_o32_v1:83"",""RvRKT-jXvko:semantic_cosine_wp192_o32_v1:52"",""-DP1i2ZU9gk:semantic_cosine_wp192_o32_v1:10"",""RvRKT-jXvko:semantic_cosine_wp192_o32_v1:28""]","[0.63716286,0.55672336,0.5438745,0.53070509,0.53057075,0.52167463,0.5075779,0.50584096,0.49431726,0.48568827]","[""-DP1i2ZU9gk"",""-DP1i2ZU9gk"",""o9nW0uBqvEo"",""9H6muyZjms0"",""RvRKT-jXvko"",""RvRKT-jXvko"",""o9nW0uBqvEo"",""RvRKT-jXvko"",""-DP1i2ZU9gk"",""RvRKT-jXvko""]","[320.378,357.61,2599.448,1067.48,960.0,1367.54,2573.418,1875.6,388.34,999.42]","[364.34,397.16,2632.55,1104.61,1009.75,1412.05,2606.52,1919.62,425.27,1049.77]","[true,true,true,false,false,false,false,false,false,false]","[[2],[2],[1],[],[],[],[],[],[],[]]",
mit60001_dense_304f7bc8ee6b2b73,semantic_cosine_wp192_o32_v1,mit60001-q-027,How does a for loop process the characters in a string?,code_behavior,1,"[""SE4P7IVCunE""]",1056,1,1.0,1,1,1,1.0,1,1,1,1.0,1,1,1,1.0,1,1,1,1.0,1,"[""SE4P7IVCunE:semantic_cosine_wp192_o32_v1:25"",""SE4P7IVCunE:semantic_cosine_wp192_o32_v1:23"",""SE4P7IVCunE:semantic_cosine_wp192_o32_v1:29"",""SE4P7IVCunE:semantic_cosine_wp192_o32_v1:33"",""SE4P7IVCunE:semantic_cosine_wp192_o32_v1:3"",""SE4P7IVCunE:semantic_cosine_wp192_o32_v1:5"",""zYVWQpCitKQ:semantic_cosine_wp192_o32_v1:2"",""RvRKT-jXvko:semantic_cosine_wp192_o32_v1:17"",""SE4P7IVCunE:semantic_cosine_wp192_o32_v1:34"",""SE4P7IVCunE:semantic_cosine_wp192_o32_v1:28""]","[0.69423085,0.63603806,0.62728536,0.5787288,0.56922895,0.5654906,0.56259573,0.56055772,0.5596596,0.55318552]","[""SE4P7IVCunE"",""SE4P7IVCunE"",""SE4P7IVCunE"",""SE4P7IVCunE"",""SE4P7IVCunE"",""SE4P7IVCunE"",""zYVWQpCitKQ"",""RvRKT-jXvko"",""SE4P7IVCunE"",""SE4P7IVCunE""]","[933.16,851.78,1070.27,1249.38,124.14,190.29,65.98,587.15,1274.07,1049.06]","[984.461,907.065,1127.05,1285.192,169.44,236.05,110.14,638.14,1317.094,1077.22]","[true,false,false,false,false,false,false,false,false,false]","[[1],[],[],[],[],[],[],[],[],[]]",
mit60001_dense_304f7bc8ee6b2b73,semantic_cosine_wp192_o32_v1,mit60001-q-029,How does a function return a value to its caller?,code_behavior,1,"[""MjbuarJ7SE0""]",1056,1,1.0,1,1,1,1.0,1,1,1,1.0,1,1,1,1.0,1,1,1,1.0,1,"[""MjbuarJ7SE0:semantic_cosine_wp192_o32_v1:25"",""MjbuarJ7SE0:semantic_cosine_wp192_o32_v1:24"",""MjbuarJ7SE0:semantic_cosine_wp192_o32_v1:49"",""MjbuarJ7SE0:semantic_cosine_wp192_o32_v1:31"",""MjbuarJ7SE0:semantic_cosine_wp192_o32_v1:33"",""MjbuarJ7SE0:semantic_cosine_wp192_o32_v1:34"",""MjbuarJ7SE0:semantic_cosine_wp192_o32_v1:32"",""MjbuarJ7SE0:semantic_cosine_wp192_o32_v1:19"",""MjbuarJ7SE0:semantic_cosine_wp192_o32_v1:26"",""RvRKT-jXvko:semantic_cosine_wp192_o32_v1:10""]","[0.61421585,0.58894813,0.58783346,0.57949233,0.57323205,0.56971204,0.55784488,0.5455845,0.54532349,0.52656364]","[""MjbuarJ7SE0"",""MjbuarJ7SE0"",""MjbuarJ7SE0"",""MjbuarJ7SE0"",""MjbuarJ7SE0"",""MjbuarJ7SE0"",""MjbuarJ7SE0"",""MjbuarJ7SE0"",""MjbuarJ7SE0"",""RvRKT-jXvko""]","[902.005,853.98,1776.84,1141.54,1193.78,1228.59,1175.74,666.04,949.83,364.63]","[955.61,913.58,1828.86,1181.12,1236.86,1258.52,1203.66,718.91,997.15,407.8]","[true,true,false,false,false,false,false,false,false,false]","[[1],[1],[],[],[],[],[],[],[],[]]",
mit60001_dense_304f7bc8ee6b2b73,semantic_cosine_wp192_o32_v1,mit60001-q-030,What role does self play when a method is called on an object?,code_behavior,2,"[""-DP1i2ZU9gk""]",1056,4,0.25,7,0,0,0.0,0,0,0,0.0,0,1,1,0.5,0,1,2,1.0,1,"[""FlGjISF3l78:semantic_cosine_wp192_o32_v1:47"",""FlGjISF3l78:semantic_cosine_wp192_o32_v1:6"",""-DP1i2ZU9gk:semantic_cosine_wp192_o32_v1:22"",""-DP1i2ZU9gk:semantic_cosine_wp192_o32_v1:25"",""WPSeyjX1-4s:semantic_cosine_wp192_o32_v1:8"",""-DP1i2ZU9gk:semantic_cosine_wp192_o32_v1:49"",""-DP1i2ZU9gk:semantic_cosine_wp192_o32_v1:26"",""FlGjISF3l78:semantic_cosine_wp192_o32_v1:14"",""-DP1i2ZU9gk:semantic_cosine_wp192_o32_v1:31"",""-DP1i2ZU9gk:semantic_cosine_wp192_o32_v1:21""]","[0.61647677,0.57081908,0.55652863,0.52980936,0.52959371,0.52510488,0.51934874,0.49832872,0.49562171,0.48956132]","[""FlGjISF3l78"",""FlGjISF3l78"",""-DP1i2ZU9gk"",""-DP1i2ZU9gk"",""WPSeyjX1-4s"",""-DP1i2ZU9gk"",""-DP1i2ZU9gk"",""FlGjISF3l78"",""-DP1i2ZU9gk"",""-DP1i2ZU9gk""]","[1689.95,231.46,813.63,908.08,269.7,1777.15,942.09,566.65,1160.19,784.81]","[1716.17,284.37,836.8,954.54,308.1,1819.965,994.05,603.65,1189.74,822.66]","[false,false,false,true,false,false,true,false,false,false]","[[],[],[],[2],[],[],[1,2],[],[],[]]",
mit60001_dense_304f7bc8ee6b2b73,semantic_cosine_wp192_o32_v1,mit60001-q-031,What happens when a list is mutated through one of several aliases?,code_behavior,2,"[""RvRKT-jXvko""]",1056,3,0.333333333,12,0,0,0.0,0,1,1,0.5,0,1,1,0.5,0,1,1,0.5,0,"[""RvRKT-jXvko:semantic_cosine_wp192_o32_v1:56"",""RvRKT-jXvko:semantic_cosine_wp192_o32_v1:40"",""RvRKT-jXvko:semantic_cosine_wp192_o32_v1:57"",""RvRKT-jXvko:semantic_cosine_wp192_o32_v1:44"",""RvRKT-jXvko:semantic_cosine_wp192_o32_v1:55"",""SrkqbLOQcEo:semantic_cosine_wp192_o32_v1:3"",""RvRKT-jXvko:semantic_cosine_wp192_o32_v1:49"",""RvRKT-jXvko:semantic_cosine_wp192_o32_v1:41"",""RvRKT-jXvko:semantic_cosine_wp192_o32_v1:58"",""WPSeyjX1-4s:semantic_cosine_wp192_o32_v1:1""]","[0.69698632,0.6001358,0.57648611,0.57164824,0.55863297,0.54060203,0.53486115,0.52521968,0.52359772,0.52203691]","[""RvRKT-jXvko"",""RvRKT-jXvko"",""RvRKT-jXvko"",""RvRKT-jXvko"",""RvRKT-jXvko"",""SrkqbLOQcEo"",""RvRKT-jXvko"",""RvRKT-jXvko"",""RvRKT-jXvko"",""WPSeyjX1-4s""]","[2010.51,1431.84,2035.41,1575.78,1968.56,114.62,1746.81,1459.18,2074.56,48.27]","[2045.13,1465.63,2083.469,1612.81,2020.94,156.38,1798.451,1492.93,2131.14,94.89]","[false,false,true,false,false,false,false,false,true,false]","[[],[],[1],[],[],[],[],[],[1],[]]",
mit60001_dense_304f7bc8ee6b2b73,semantic_cosine_wp192_o32_v1,mit60001-q-032,What happens when an exception is raised and no matching handler is used?,code_behavior,2,"[""9H6muyZjms0""]",1056,5,0.2,8,0,0,0.0,0,0,0,0.0,0,1,1,0.5,0,1,2,1.0,1,"[""9H6muyZjms0:semantic_cosine_wp192_o32_v1:39"",""9H6muyZjms0:semantic_cosine_wp192_o32_v1:48"",""9H6muyZjms0:semantic_cosine_wp192_o32_v1:47"",""9H6muyZjms0:semantic_cosine_wp192_o32_v1:40"",""9H6muyZjms0:semantic_cosine_wp192_o32_v1:43"",""9H6muyZjms0:semantic_cosine_wp192_o32_v1:49"",""9H6muyZjms0:semantic_cosine_wp192_o32_v1:44"",""9H6muyZjms0:semantic_cosine_wp192_o32_v1:53"",""9H6muyZjms0:semantic_cosine_wp192_o32_v1:67"",""9H6muyZjms0:semantic_cosine_wp192_o32_v1:41""]","[0.49168009,0.48281258,0.44858208,0.41955489,0.41022882,0.37363327,0.37074512,0.35710552,0.3499639,0.3260805]","[""9H6muyZjms0"",""9H6muyZjms0"",""9H6muyZjms0"",""9H6muyZjms0"",""9H6muyZjms0"",""9H6muyZjms0"",""9H6muyZjms0"",""9H6muyZjms0"",""9H6muyZjms0"",""9H6muyZjms0""]","[1292.85,1649.79,1600.41,1347.15,1457.86,1685.05,1499.17,1791.79,2406.74,1387.61]","[1358.86,1696.25,1655.28,1391.59,1510.09,1717.08,1558.59,1842.452,2456.82,1443.59]","[false,false,false,false,true,false,true,true,false,true]","[[],[],[],[],[1],[],[1],[2],[],[1]]",
mit60001_dense_304f7bc8ee6b2b73,semantic_cosine_wp192_o32_v1,mit60001-q-033,How does the course connect decomposition and abstraction when building programs with functions?,multi_chunk,1,"[""MjbuarJ7SE0""]",1056,5,0.2,5,0,0,0.0,0,0,0,0.0,0,1,1,1.0,1,1,1,1.0,1,"[""RvRKT-jXvko:semantic_cosine_wp192_o32_v1:1"",""-DP1i2ZU9gk:semantic_cosine_wp192_o32_v1:13"",""MjbuarJ7SE0:semantic_cosine_wp192_o32_v1:7"",""9H6muyZjms0:semantic_cosine_wp192_o32_v1:8"",""MjbuarJ7SE0:semantic_cosine_wp192_o32_v1:15"",""MjbuarJ7SE0:semantic_cosine_wp192_o32_v1:14"",""nykOeWgQcHM:semantic_cosine_wp192_o32_v1:10"",""-DP1i2ZU9gk:semantic_cosine_wp192_o32_v1:12"",""MjbuarJ7SE0:semantic_cosine_wp192_o32_v1:4"",""nykOeWgQcHM:semantic_cosine_wp192_o32_v1:9""]","[0.70279562,0.63409549,0.62828076,0.62372911,0.623537,0.59028763,0.57860988,0.57104063,0.56378067,0.54434168]","[""RvRKT-jXvko"",""-DP1i2ZU9gk"",""MjbuarJ7SE0"",""9H6muyZjms0"",""MjbuarJ7SE0"",""MjbuarJ7SE0"",""nykOeWgQcHM"",""-DP1i2ZU9gk"",""MjbuarJ7SE0"",""nykOeWgQcHM""]","[17.88,483.26,244.134,231.14,542.51,513.128,308.83,441.44,139.95,290.29]","[59.487,535.63,280.32,281.25,586.27,548.63,350.57,493.227,182.66,318.62]","[false,false,false,false,true,false,false,false,false,false]","[[],[],[],[],[1],[],[],[],[],[]]",
mit60001_dense_304f7bc8ee6b2b73,semantic_cosine_wp192_o32_v1,mit60001-q-034,How does the course connect testing and debugging when finding program errors?,multi_chunk,2,"[""9H6muyZjms0""]",1056,2,0.5,4,0,0,0.0,0,1,1,0.5,0,1,2,1.0,1,1,2,1.0,1,"[""9H6muyZjms0:semantic_cosine_wp192_o32_v1:26"",""9H6muyZjms0:semantic_cosine_wp192_o32_v1:31"",""9H6muyZjms0:semantic_cosine_wp192_o32_v1:35"",""9H6muyZjms0:semantic_cosine_wp192_o32_v1:9"",""9H6muyZjms0:semantic_cosine_wp192_o32_v1:10"",""9H6muyZjms0:semantic_cosine_wp192_o32_v1:67"",""nykOeWgQcHM:semantic_cosine_wp192_o32_v1:10"",""9H6muyZjms0:semantic_cosine_wp192_o32_v1:38"",""9H6muyZjms0:semantic_cosine_wp192_o32_v1:12"",""9H6muyZjms0:semantic_cosine_wp192_o32_v1:29""]","[0.5369187,0.51328456,0.48242041,0.47085533,0.47076297,0.46912348,0.46675318,0.45512819,0.44809762,0.43610305]","[""9H6muyZjms0"",""9H6muyZjms0"",""9H6muyZjms0"",""9H6muyZjms0"",""9H6muyZjms0"",""9H6muyZjms0"",""nykOeWgQcHM"",""9H6muyZjms0"",""9H6muyZjms0"",""9H6muyZjms0""]","[867.62,1028.229,1168.27,275.4,319.93,2406.74,308.83,1253.37,392.67,947.95]","[899.87,1071.44,1208.4,325.57,356.08,2456.82,350.57,1301.74,431.63,994.22]","[false,true,false,true,true,false,false,false,false,false]","[[],[1],[],[2],[2],[],[],[],[],[]]",
mit60001_dense_304f7bc8ee6b2b73,semantic_cosine_wp192_o32_v1,mit60001-q-035,How does the course connect list aliasing with mutation side effects?,multi_chunk,2,"[""RvRKT-jXvko"",""WPSeyjX1-4s""]",1056,2,0.5,6,0,0,0.0,0,1,1,0.5,0,1,1,0.5,0,1,2,1.0,1,"[""RvRKT-jXvko:semantic_cosine_wp192_o32_v1:56"",""WPSeyjX1-4s:semantic_cosine_wp192_o32_v1:1"",""RvRKT-jXvko:semantic_cosine_wp192_o32_v1:44"",""RvRKT-jXvko:semantic_cosine_wp192_o32_v1:55"",""FKp-6sojt9A:semantic_cosine_wp192_o32_v1:2"",""RvRKT-jXvko:semantic_cosine_wp192_o32_v1:58"",""RvRKT-jXvko:semantic_cosine_wp192_o32_v1:57"",""RvRKT-jXvko:semantic_cosine_wp192_o32_v1:52"",""SrkqbLOQcEo:semantic_cosine_wp192_o32_v1:1"",""RvRKT-jXvko:semantic_cosine_wp192_o32_v1:60""]","[0.47811538,0.45735505,0.38391292,0.36868376,0.3673476,0.36623687,0.35783014,0.34655517,0.34619436,0.34047949]","[""RvRKT-jXvko"",""WPSeyjX1-4s"",""RvRKT-jXvko"",""RvRKT-jXvko"",""FKp-6sojt9A"",""RvRKT-jXvko"",""RvRKT-jXvko"",""RvRKT-jXvko"",""SrkqbLOQcEo"",""RvRKT-jXvko""]","[2010.51,48.27,1575.78,1968.56,44.5,2074.56,2035.41,1875.6,46.12,2169.14]","[2045.13,94.89,1612.81,2020.94,77.38,2131.14,2083.469,1919.62,85.35,2237.61]","[false,true,false,false,false,true,true,false,false,false]","[[],[2],[],[],[],[1],[1],[],[],[]]",
mit60001_dense_304f7bc8ee6b2b73,semantic_cosine_wp192_o32_v1,mit60001-q-037,How do linear search and binary search differ in the number of elements they need to examine?,multi_chunk,2,"[""6LOwPhPDwVc"",""7lQXYl_L28w""]",1056,1,1.0,22,1,1,0.5,0,1,1,0.5,0,1,1,0.5,0,1,1,0.5,0,"[""7lQXYl_L28w:semantic_cosine_wp192_o32_v1:18"",""6LOwPhPDwVc:semantic_cosine_wp192_o32_v1:2"",""6LOwPhPDwVc:semantic_cosine_wp192_o32_v1:4"",""SE4P7IVCunE:semantic_cosine_wp192_o32_v1:64"",""o9nW0uBqvEo:semantic_cosine_wp192_o32_v1:76"",""6LOwPhPDwVc:semantic_cosine_wp192_o32_v1:20"",""7lQXYl_L28w:semantic_cosine_wp192_o32_v1:20"",""o9nW0uBqvEo:semantic_cosine_wp192_o32_v1:87"",""SE4P7IVCunE:semantic_cosine_wp192_o32_v1:65"",""SE4P7IVCunE:semantic_cosine_wp192_o32_v1:57""]","[0.65721393,0.59609276,0.56602675,0.52229452,0.49239293,0.47712365,0.47372052,0.47006196,0.46496356,0.4579528]","[""7lQXYl_L28w"",""6LOwPhPDwVc"",""6LOwPhPDwVc"",""SE4P7IVCunE"",""o9nW0uBqvEo"",""6LOwPhPDwVc"",""7lQXYl_L28w"",""o9nW0uBqvEo"",""SE4P7IVCunE"",""SE4P7IVCunE""]","[472.05,87.88,147.855,2344.86,2375.83,571.83,537.597,2684.42,2380.84,2094.38]","[513.1,136.95,185.54,2386.49,2401.78,616.93,571.655,2718.21,2410.865,2145.22]","[true,false,false,false,false,false,false,false,false,false]","[[2],[],[],[],[],[],[],[],[],[]]",
mit60001_dense_304f7bc8ee6b2b73,semantic_cosine_wp192_o32_v1,mit60001-q-038,How does the requirement for sorted input distinguish binary search from linear search?,confusable,2,"[""6LOwPhPDwVc""]",1056,7,0.142857143,14,0,0,0.0,0,0,0,0.0,0,0,0,0.0,0,1,1,0.5,0,"[""7lQXYl_L28w:semantic_cosine_wp192_o32_v1:18"",""o9nW0uBqvEo:semantic_cosine_wp192_o32_v1:76"",""6LOwPhPDwVc:semantic_cosine_wp192_o32_v1:21"",""6LOwPhPDwVc:semantic_cosine_wp192_o32_v1:20"",""6LOwPhPDwVc:semantic_cosine_wp192_o32_v1:16"",""o9nW0uBqvEo:semantic_cosine_wp192_o32_v1:87"",""6LOwPhPDwVc:semantic_cosine_wp192_o32_v1:4"",""6LOwPhPDwVc:semantic_cosine_wp192_o32_v1:17"",""6LOwPhPDwVc:semantic_cosine_wp192_o32_v1:2"",""7lQXYl_L28w:semantic_cosine_wp192_o32_v1:20""]","[0.5672282,0.55164254,0.52755922,0.52100515,0.51700342,0.50281256,0.49028313,0.48571491,0.4834103,0.47931123]","[""7lQXYl_L28w"",""o9nW0uBqvEo"",""6LOwPhPDwVc"",""6LOwPhPDwVc"",""6LOwPhPDwVc"",""o9nW0uBqvEo"",""6LOwPhPDwVc"",""6LOwPhPDwVc"",""6LOwPhPDwVc"",""7lQXYl_L28w""]","[472.05,2375.83,609.36,571.83,462.0,2684.42,147.855,485.52,87.88,537.597]","[513.1,2401.78,640.73,616.93,495.88,2718.21,185.54,529.43,136.95,571.655]","[false,false,false,false,false,false,true,false,false,false]","[[],[],[],[],[],[],[2],[],[],[]]",
mit60001_dense_304f7bc8ee6b2b73,semantic_cosine_wp192_o32_v1,mit60001-q-039,How does the course distinguish black-box testing from glass-box testing?,confusable,2,"[""9H6muyZjms0""]",1056,1,1.0,2,1,1,0.5,0,1,2,1.0,1,1,2,1.0,1,1,2,1.0,1,"[""9H6muyZjms0:semantic_cosine_wp192_o32_v1:18"",""9H6muyZjms0:semantic_cosine_wp192_o32_v1:16"",""9H6muyZjms0:semantic_cosine_wp192_o32_v1:17"",""9H6muyZjms0:semantic_cosine_wp192_o32_v1:22"",""9H6muyZjms0:semantic_cosine_wp192_o32_v1:20"",""9H6muyZjms0:semantic_cosine_wp192_o32_v1:15"",""9H6muyZjms0:semantic_cosine_wp192_o32_v1:0"",""nykOeWgQcHM:semantic_cosine_wp192_o32_v1:30"",""9H6muyZjms0:semantic_cosine_wp192_o32_v1:12"",""0jljZRnHwOI:semantic_cosine_wp192_o32_v1:26""]","[0.70202565,0.63666183,0.50750518,0.49216765,0.47181487,0.38828403,0.36398536,0.34529263,0.34317538,0.32680848]","[""9H6muyZjms0"",""9H6muyZjms0"",""9H6muyZjms0"",""9H6muyZjms0"",""9H6muyZjms0"",""9H6muyZjms0"",""9H6muyZjms0"",""nykOeWgQcHM"",""9H6muyZjms0"",""0jljZRnHwOI""]","[600.04,526.15,566.76,722.394,657.9,495.43,0.79,997.36,392.67,977.72]","[632.98,574.54,607.15,781.14,704.48,533.1,44.1,1045.28,431.63,1035.157]","[true,true,false,false,false,true,false,false,false,false]","[[2],[1],[],[],[],[1],[],[],[],[]]",
mit60001_dense_304f7bc8ee6b2b73,semantic_cosine_wp192_o32_v1,mit60001-q-040,How does the course distinguish an exception from an assertion failure?,confusable,1,"[""9H6muyZjms0""]",1056,3,0.333333333,3,0,0,0.0,0,1,1,1.0,1,1,1,1.0,1,1,1,1.0,1,"[""9H6muyZjms0:semantic_cosine_wp192_o32_v1:66"",""9H6muyZjms0:semantic_cosine_wp192_o32_v1:65"",""9H6muyZjms0:semantic_cosine_wp192_o32_v1:68"",""9H6muyZjms0:semantic_cosine_wp192_o32_v1:56"",""9H6muyZjms0:semantic_cosine_wp192_o32_v1:48"",""9H6muyZjms0:semantic_cosine_wp192_o32_v1:43"",""9H6muyZjms0:semantic_cosine_wp192_o32_v1:51"",""9H6muyZjms0:semantic_cosine_wp192_o32_v1:67"",""9H6muyZjms0:semantic_cosine_wp192_o32_v1:47"",""9H6muyZjms0:semantic_cosine_wp192_o32_v1:39""]","[0.57269961,0.52715862,0.50588864,0.44754481,0.42385316,0.41180485,0.40437421,0.39918059,0.39503697,0.38825914]","[""9H6muyZjms0"",""9H6muyZjms0"",""9H6muyZjms0"",""9H6muyZjms0"",""9H6muyZjms0"",""9H6muyZjms0"",""9H6muyZjms0"",""9H6muyZjms0"",""9H6muyZjms0"",""9H6muyZjms0""]","[2367.36,2315.76,2448.09,1930.31,1649.79,1457.86,1728.56,2406.74,1600.41,1292.85]","[2412.38,2372.52,2485.26,1982.98,1696.25,1510.09,1769.45,2456.82,1655.28,1358.86]","[false,false,true,false,false,false,false,true,false,false]","[[],[],[1],[],[],[],[],[1],[],[]]",
mit60001_dense_304f7bc8ee6b2b73,semantic_cosine_wp192_o32_v1,mit60001-q-041,How does the course distinguish a class from an instance of that class?,confusable,2,"[""-DP1i2ZU9gk"",""FlGjISF3l78""]",1056,5,0.2,15,0,0,0.0,0,0,0,0.0,0,1,1,0.5,0,1,1,0.5,0,"[""FlGjISF3l78:semantic_cosine_wp192_o32_v1:7"",""vqn_yk5aFcI:semantic_cosine_wp192_o32_v1:0"",""-DP1i2ZU9gk:semantic_cosine_wp192_o32_v1:26"",""2__KumJsGXc:semantic_cosine_wp192_o32_v1:0"",""FlGjISF3l78:semantic_cosine_wp192_o32_v1:5"",""FlGjISF3l78:semantic_cosine_wp192_o32_v1:61"",""FlGjISF3l78:semantic_cosine_wp192_o32_v1:8"",""-DP1i2ZU9gk:semantic_cosine_wp192_o32_v1:16"",""FlGjISF3l78:semantic_cosine_wp192_o32_v1:2"",""FlGjISF3l78:semantic_cosine_wp192_o32_v1:13""]","[0.56532109,0.53165722,0.53080982,0.4876281,0.48209673,0.47305983,0.46679854,0.45373192,0.44772857,0.443322]","[""FlGjISF3l78"",""vqn_yk5aFcI"",""-DP1i2ZU9gk"",""2__KumJsGXc"",""FlGjISF3l78"",""FlGjISF3l78"",""FlGjISF3l78"",""-DP1i2ZU9gk"",""FlGjISF3l78"",""FlGjISF3l78""]","[277.35,0.79,942.09,0.79,191.32,2114.78,302.57,611.56,75.11,523.82]","[311.77,48.957,994.05,36.61,239.89,2168.53,361.84,650.24,114.219,574.39]","[false,false,false,false,true,false,false,false,false,false]","[[],[],[],[],[2],[],[],[],[],[]]",
